[心得] 108資工所考試心得 - 看板 graduate - 批踢踢實業坊,magic83v,: 樓下也是eric,    39.8.132.68 05/05 19:19
[心得] 108資工所考試心得 - 看板 graduate - 批踢踢實業坊,magic83v,: 凹嗚>\\\\\\<,    39.8.132.68 05/05 23:07
[理工] 計組第二章 - 看板 Grad-ProbAsk - 批踢踢實業坊,magic83v,": 應該是removed ,而不是說missed", 03/24 22:18
106成大資結(7) （9）求詳解 - 看板 Grad-ProbAsk - 批踢踢實業坊,magic83v,: QQ不會寫, 02/24 07:28
[理工] 北科大資工試題 - 看板 Grad-ProbAsk - 批踢踢實業坊,magic83v,: 說是程式設計 但其實考的也幾乎都是資結筆記裡的程式碼,02/23 06:19
[理工] 北科大資工試題 - 看板 Grad-ProbAsk - 批踢踢實業坊,magic83v,:  加油,02/23 06:19
108 成大數學 1 - 看板 Grad-ProbAsk - 批踢踢實業坊,magic83v,: 每題都勇敢的乘開你會看到漂亮的答案, 02/23 16:39
[理工] 成大 96離散 排組 - 看板 Grad-ProbAsk - 批踢踢實業坊,magic83v,:  https://i.imgur.com/8puG1ZR.jpg, 02/20 19:12
[理工] 成大 96離散 排組 - 看板 Grad-ProbAsk - 批踢踢實業坊,magic83v,: R大我紅筆的畫線的地方 是固定選好的 固定位置 剩下的, 02/20 19:13
[理工] 成大 96離散 排組 - 看板 Grad-ProbAsk - 批踢踢實業坊,magic83v,: 排列嗎？, 02/20 19:13
[理工] 成大 96離散 排組 - 看板 Grad-ProbAsk - 批踢踢實業坊,magic83v,: 還有上半跟下半的作法好像不一樣?, 02/20 19:13
[理工] 成大 96離散 排組 - 看板 Grad-ProbAsk - 批踢踢實業坊,magic83v,:  https://i.imgur.com/lhvuuLx.jpg, 02/20 19:26
[理工] 成大 96離散 排組 - 看板 Grad-ProbAsk - 批踢踢實業坊,magic83v,: 感謝你的答案 能請你幫我看一下我的這段疑問嗎, 02/20 19:26
[理工] 成大 96離散 排組 - 看板 Grad-ProbAsk - 批踢踢實業坊,magic83v,: 我好像知道了0.0 順序給定的情況 不用討論換位, 02/20 19:31
[理工] 成大 96離散 排組 - 看板 Grad-ProbAsk - 批踢踢實業坊,magic83v,: 第二題子嘉分類題庫4-65, 02/21 17:21
[理工] 107成大電通 - 看板 Grad-ProbAsk - 批踢踢實業坊,magic83v,: 違法記憶體存取, 02/20 19:28
[理工] 107成大電通 - 看板 Grad-ProbAsk - 批踢踢實業坊,magic83v,: 為什麼不算0.0, 02/21 16:40
[理工] 107成大電通 - 看板 Grad-ProbAsk - 批踢踢實業坊,magic83v,: 但是是cpu去存取違法位址 (? 我也不確定, 02/21 17:21
[理工] 106 成大電通 資結 - 看板 Grad-ProbAsk - 批踢踢實業坊,magic83v,: 有沒有n個點都不同set 的情況 第一次find要找n個set?, 02/21 22:22
[理工] 106 成大電通 資結 - 看板 Grad-ProbAsk - 批踢踢實業坊,magic83v,: 最快的怪怪的(? 那換成dfs 也對嗎, 02/22 00:41
[理工] 106 成大電通 資結 - 看板 Grad-ProbAsk - 批踢踢實業坊,magic83v,: 所以1.A可以 2.A也對嗎q, 02/22 13:30
[理工] 106 成大電通 資結 - 看板 Grad-ProbAsk - 批踢踢實業坊,magic83v,: 4你覺得哪個對, 02/22 15:10
[理工] 106 成大電通 資結 - 看板 Grad-ProbAsk - 批踢踢實業坊,magic83v,: ok 感謝各位, 02/22 19:39
[理工] 107成大（2）Jordan form - 看板 Grad-ProbAsk - 批踢踢實業坊,magic83v,: 都可以, 02/21 22:18
Re: [理工] 幾題成大數學 - 看板 Grad-ProbAsk - 批踢踢實業坊,magic83v,: 已經兩排0了 應該沒台大那題暴力, 02/18 18:16
[理工] 108交大資演 - 看板 Grad-ProbAsk - 批踢踢實業坊,magic83v,: 用huffman作法, 02/18 18:37
[理工] 108交大資演 - 看板 Grad-ProbAsk - 批踢踢實業坊,magic83v,: 真的==撿到一題 那個turnaround time*4也撿到, 02/18 21:46
[請益] 救救臺大ICS備取生(發錢) - 看板 graduate - 批踢踢實業坊,magic83v,: .....不知道該說啥,    39.8.132.68 04/24 11:24
[理工] 108 交大資工 數學（離散 線代） - 看板 Grad-ProbAsk - 批踢踢實業坊,magic83v,: 10是問洽一位置不同 屬於 R 嗎？ 還是恰第k個位址不同, 02/13 18:51
[理工] 108 交大資工 數學（離散 線代） - 看板 Grad-ProbAsk - 批踢踢實業坊,magic83v,: 我寫的是前者作法 n bit string，可從n個位置挑一個不同, 02/13 18:52
[理工] 108 交大資工 數學（離散 線代） - 看板 Grad-ProbAsk - 批踢踢實業坊,magic83v,: n*2^n, 02/13 18:52
[理工] 108 交大資工 數學（離散 線代） - 看板 Grad-ProbAsk - 批踢踢實業坊,magic83v,: 看不懂題目orz, 02/13 19:06
[理工] 108交大資演reduction - 看板 Grad-ProbAsk - 批踢踢實業坊,magic83v,: 清大也沒考reduction qq, 02/14 16:35
[理工] 108交大資演reduction - 看板 Grad-ProbAsk - 批踢踢實業坊,magic83v,: F大能請問你邊應該加在哪嗎, 02/14 16:36
[理工] 108交大資演reduction - 看板 Grad-ProbAsk - 批踢踢實業坊,magic83v,: 好吧噴光 我的圖完全亂畫一通, 02/15 14:32
AVL Tree - 看板 Grad-ProbAsk - 批踢踢實業坊,magic83v,: 背一堆priority heap結果忘記avl要拉誰..., 02/14 21:46
[心得] 108資工所考試心得 - 看板 graduate - 批踢踢實業坊,magic83v,: 樓下也是eric,    39.8.132.68 05/05 19:19
[心得] 108資工所考試心得 - 看板 graduate - 批踢踢實業坊,magic83v,: 凹嗚>\\\\\\<,    39.8.132.68 05/05 23:07
[理工] 計組第二章 - 看板 Grad-ProbAsk - 批踢踢實業坊,magic83v,": 應該是removed ,而不是說missed", 03/24 22:18
106成大資結(7) （9）求詳解 - 看板 Grad-ProbAsk - 批踢踢實業坊,magic83v,: QQ不會寫, 02/24 07:28
[理工] 北科大資工試題 - 看板 Grad-ProbAsk - 批踢踢實業坊,magic83v,: 說是程式設計 但其實考的也幾乎都是資結筆記裡的程式碼,02/23 06:19
[理工] 北科大資工試題 - 看板 Grad-ProbAsk - 批踢踢實業坊,magic83v,:  加油,02/23 06:19
108 成大數學 1 - 看板 Grad-ProbAsk - 批踢踢實業坊,magic83v,: 每題都勇敢的乘開你會看到漂亮的答案, 02/23 16:39
[理工] 成大 96離散 排組 - 看板 Grad-ProbAsk - 批踢踢實業坊,magic83v,:  https://i.imgur.com/8puG1ZR.jpg, 02/20 19:12
[理工] 成大 96離散 排組 - 看板 Grad-ProbAsk - 批踢踢實業坊,magic83v,: R大我紅筆的畫線的地方 是固定選好的 固定位置 剩下的, 02/20 19:13
[理工] 成大 96離散 排組 - 看板 Grad-ProbAsk - 批踢踢實業坊,magic83v,: 排列嗎？, 02/20 19:13
[理工] 成大 96離散 排組 - 看板 Grad-ProbAsk - 批踢踢實業坊,magic83v,: 還有上半跟下半的作法好像不一樣?, 02/20 19:13
[理工] 成大 96離散 排組 - 看板 Grad-ProbAsk - 批踢踢實業坊,magic83v,:  https://i.imgur.com/lhvuuLx.jpg, 02/20 19:26
[理工] 成大 96離散 排組 - 看板 Grad-ProbAsk - 批踢踢實業坊,magic83v,: 感謝你的答案 能請你幫我看一下我的這段疑問嗎, 02/20 19:26
[理工] 成大 96離散 排組 - 看板 Grad-ProbAsk - 批踢踢實業坊,magic83v,: 我好像知道了0.0 順序給定的情況 不用討論換位, 02/20 19:31
[理工] 成大 96離散 排組 - 看板 Grad-ProbAsk - 批踢踢實業坊,magic83v,: 第二題子嘉分類題庫4-65, 02/21 17:21
[理工] 107成大電通 - 看板 Grad-ProbAsk - 批踢踢實業坊,magic83v,: 違法記憶體存取, 02/20 19:28
[理工] 107成大電通 - 看板 Grad-ProbAsk - 批踢踢實業坊,magic83v,: 為什麼不算0.0, 02/21 16:40
[理工] 107成大電通 - 看板 Grad-ProbAsk - 批踢踢實業坊,magic83v,: 但是是cpu去存取違法位址 (? 我也不確定, 02/21 17:21
[理工] 106 成大電通 資結 - 看板 Grad-ProbAsk - 批踢踢實業坊,magic83v,: 有沒有n個點都不同set 的情況 第一次find要找n個set?, 02/21 22:22
[理工] 106 成大電通 資結 - 看板 Grad-ProbAsk - 批踢踢實業坊,magic83v,: 最快的怪怪的(? 那換成dfs 也對嗎, 02/22 00:41
[理工] 106 成大電通 資結 - 看板 Grad-ProbAsk - 批踢踢實業坊,magic83v,: 所以1.A可以 2.A也對嗎q, 02/22 13:30
[理工] 106 成大電通 資結 - 看板 Grad-ProbAsk - 批踢踢實業坊,magic83v,: 4你覺得哪個對, 02/22 15:10
[理工] 106 成大電通 資結 - 看板 Grad-ProbAsk - 批踢踢實業坊,magic83v,: ok 感謝各位, 02/22 19:39
[理工] 107成大（2）Jordan form - 看板 Grad-ProbAsk - 批踢踢實業坊,magic83v,: 都可以, 02/21 22:18
Re: [理工] 幾題成大數學 - 看板 Grad-ProbAsk - 批踢踢實業坊,magic83v,: 已經兩排0了 應該沒台大那題暴力, 02/18 18:16
[理工] 108交大資演 - 看板 Grad-ProbAsk - 批踢踢實業坊,magic83v,: 用huffman作法, 02/18 18:37
[理工] 108交大資演 - 看板 Grad-ProbAsk - 批踢踢實業坊,magic83v,: 真的==撿到一題 那個turnaround time*4也撿到, 02/18 21:46
[請益] 救救臺大ICS備取生(發錢) - 看板 graduate - 批踢踢實業坊,magic83v,: .....不知道該說啥,    39.8.132.68 04/24 11:24
[理工] 108 交大資工 數學（離散 線代） - 看板 Grad-ProbAsk - 批踢踢實業坊,magic83v,: 10是問洽一位置不同 屬於 R 嗎？ 還是恰第k個位址不同, 02/13 18:51
[理工] 108 交大資工 數學（離散 線代） - 看板 Grad-ProbAsk - 批踢踢實業坊,magic83v,: 我寫的是前者作法 n bit string，可從n個位置挑一個不同, 02/13 18:52
[理工] 108 交大資工 數學（離散 線代） - 看板 Grad-ProbAsk - 批踢踢實業坊,magic83v,: n*2^n, 02/13 18:52
[理工] 108 交大資工 數學（離散 線代） - 看板 Grad-ProbAsk - 批踢踢實業坊,magic83v,: 看不懂題目orz, 02/13 19:06
[理工] 108交大資演reduction - 看板 Grad-ProbAsk - 批踢踢實業坊,magic83v,: 清大也沒考reduction qq, 02/14 16:35
[理工] 108交大資演reduction - 看板 Grad-ProbAsk - 批踢踢實業坊,magic83v,: F大能請問你邊應該加在哪嗎, 02/14 16:36
[理工] 108交大資演reduction - 看板 Grad-ProbAsk - 批踢踢實業坊,magic83v,: 好吧噴光 我的圖完全亂畫一通, 02/15 14:32
AVL Tree - 看板 Grad-ProbAsk - 批踢踢實業坊,magic83v,: 背一堆priority heap結果忘記avl要拉誰..., 02/14 21:46
交大 105離散 - 看板 Grad-ProbAsk - 批踢踢實業坊,magic83v,:  https://i.imgur.com/kHvbuvj.jpg, 02/11 14:42
交大 105離散 - 看板 Grad-ProbAsk - 批踢踢實業坊,magic83v,: 我是想到 考慮最差情況是這樣 則第n^2+1個數 若是某一, 02/11 14:44
交大 105離散 - 看板 Grad-ProbAsk - 批踢踢實業坊,magic83v,: 行等差數列的下一項 則得證若不是 也得證, 02/11 14:44
交大 105離散 - 看板 Grad-ProbAsk - 批踢踢實業坊,magic83v,: 不過感覺這未必是最差情況 不確定能不能這樣講, 02/11 14:48
[理工] 線性方程組 - 看板 Grad-ProbAsk - 批踢踢實業坊,magic83v,: 上面的-6要砍掉才是rref, 02/11 16:15
[理工] 線性方程組 - 看板 Grad-ProbAsk - 批踢踢實業坊,magic83v,: 下面的不是rref, 02/11 16:15
[理工] 107 電機丙 離散 - 看板 Grad-ProbAsk - 批踢踢實業坊,magic83v,: 1~12 挑5個數字不相鄰, 02/10 00:00
[理工] 107 電機丙 離散 - 看板 Grad-ProbAsk - 批踢踢實業坊,magic83v,: 詳解沒有從頭到尾寫清楚 你算式轉換一下也會變成他那樣, 02/10 00:00
107清大 計組 - 看板 Grad-ProbAsk - 批踢踢實業坊,magic83v,: ==, 02/10 12:53
[理工] 計系問題求救 - 看板 Grad-ProbAsk - 批踢踢實業坊,magic83v,: 應該只有一樓跟樓下會, 02/10 14:23
[理工] 離散 pseudo graph表示 - 看板 Grad-ProbAsk - 批踢踢實業坊,magic83v,: i 是false 數字帶1.2.3就知道, 02/10 18:43
[理工] 離散 pseudo graph表示 - 看板 Grad-ProbAsk - 批踢踢實業坊,magic83v,: 倒是b的false 你的答案有給有原因嗎？, 02/10 18:43
[理工] 離散 pseudo graph表示 - 看板 Grad-ProbAsk - 批踢踢實業坊,magic83v,: 請問一下這是哪份考卷, 02/10 19:37
[閒聊] 這版484充斥一堆垃圾心得(業配)文 - 看板 graduate - 批踢踢實業坊,magic83v,: 四年都有在念的都推甄上了,27.242.43.26 04/15 16:24
Re: [閒聊] 這版484充斥一堆垃圾心得(業配)文 - 看板 graduate - 批踢踢實業坊,magic83v,: Survivorship bias,   27.242.43.26 04/15 18:41
[理工] 104台大電機丙 DS (11)(12)(16) - 看板 Grad-ProbAsk - 批踢踢實業坊,magic83v,: 請問G大這句是什麼意思 K4有6條邊 可以有7個點？, 02/10 03:34
[請益] 請問清交大晚上是否有ic設計課程 - 看板 graduate - 批踢踢實業坊,magic83v,: 求書單+1 咦這麼多人要唸硬體,   27.242.43.26 04/14 15:19
[理工] 107中正線代 - 看板 Grad-ProbAsk - 批踢踢實業坊,magic83v,: 太暗黑了吧xd, 02/08 18:42
[理工] 107中正線代 - 看板 Grad-ProbAsk - 批踢踢實業坊,magic83v,: 不能接受外積的話就想成和他垂直的向量 用ker的作法也一, 02/08 18:42
[理工] 107中正線代 - 看板 Grad-ProbAsk - 批踢踢實業坊,magic83v,: 樣, 02/08 18:42
[理工] 106台大數學 - 看板 Grad-ProbAsk - 批踢踢實業坊,magic83v,:  https://i.imgur.com/TDahlmb.jpg, 02/07 22:33
[理工] 106台大數學 - 看板 Grad-ProbAsk - 批踢踢實業坊,magic83v,: 其實過程滿清楚的 不過看你這樣問感覺是不能接受換底的, 02/07 22:35
[理工] 106台大數學 - 看板 Grad-ProbAsk - 批踢踢實業坊,magic83v,: 作法 用一樓的方法應該比較好懂吧, 02/07 22:35
[理工] 106 清 資演 - 看板 Grad-ProbAsk - 批踢踢實業坊,magic83v,: n/sb  應該是指佔了多少, 02/07 22:46
[理工] 107 台大 數 - 看板 Grad-ProbAsk - 批踢踢實業坊,magic83v,": d對吧 有0 有左線性 <2A,B> A每列都*2 跟B行 乘起來的tr",02/05 17:23
[理工] 107 台大 數 - 看板 Grad-ProbAsk - 批踢踢實業坊,magic83v,: ace= 2 *A每列跟B行 乘起來的trace,02/05 17:23
[理工] 台大106數學 - 看板 Grad-ProbAsk - 批踢踢實業坊,magic83v,": 最後寫反了 u,v是在s.t座標=1.0跟0.1", 02/03 21:59
[理工] 台大106數學 - 看板 Grad-ProbAsk - 批踢踢實業坊,magic83v,: 我是想成不同的內積 經過怎樣的變換座標 會得到相同的, 02/03 22:12
[理工] 台大106數學 - 看板 Grad-ProbAsk - 批踢踢實業坊,magic83v,: 結果, 02/03 22:12
[理工] 台大106數學 - 看板 Grad-ProbAsk - 批踢踢實業坊,magic83v,: 剛講的不好 應該是說 上面是在標準基底定義的內積空間, 02/03 22:38
[理工] 台大106數學 - 看板 Grad-ProbAsk - 批踢踢實業坊,magic83v,":   想要換成u,v基底變成下面的內積空間  要問的就是v要", 02/03 22:38
[理工] 台大106數學 - 看板 Grad-ProbAsk - 批踢踢實業坊,magic83v,: 取多少（在標準基底, 02/03 22:38
[理工] 台大106數學 - 看板 Grad-ProbAsk - 批踢踢實業坊,magic83v,": 所以應該是要找的是v:(y1,y2)標準基底座標=(0,1)uv基底", 02/03 22:40
[理工] 台大106數學 - 看板 Grad-ProbAsk - 批踢踢實業坊,magic83v,: 座標, 02/03 22:40
[理工] 台大106數學 - 看板 Grad-ProbAsk - 批踢踢實業坊,magic83v,": 又(y1,y2)在uv基底的座標是(y1-y2,√ 3y2)=(0,1)", 02/03 22:42
[討論] 面授一整天都靠什麼提神? - 看板 graduate - 批踢踢實業坊,magic83v,: 意志力啊 面授一天而已就喊累 那到時候,  27.247.36.247 04/10 22:06
[討論] 面授一整天都靠什麼提神? - 看板 graduate - 批踢踢實業坊,magic83v,: 看書一整天你怎麼辦,  27.247.36.247 04/10 22:06
[理工] 107清大資應 計概( 線性代數 離散 - 看板 Grad-ProbAsk - 批踢踢實業坊,magic83v,: tree上vertex可以當雙分圖 分兩邊看哪邊比較少就是verte,02/03 17:21
[理工] 107清大資應 計概( 線性代數 離散 - 看板 Grad-ProbAsk - 批踢踢實業坊,magic83v,: x cover選的（？,02/03 17:21
[理工]交大96 數學 - 看板 Grad-ProbAsk - 批踢踢實業坊,magic83v,: 1.一樣 你的一般鏡射是指？ 這題就是一般鏡射, 01/30 23:19
[理工]交大96 數學 - 看板 Grad-ProbAsk - 批踢踢實業坊,magic83v,": 2 鏡射取的w要單位向量 但(a,b)未必單位 所以除掉長度", 01/30 23:20
[理工]交大96 數學 - 看板 Grad-ProbAsk - 批踢踢實業坊,magic83v,: 解答是用座標變換解 i-2uut是公式解 一樣, 01/30 23:41
[理工] 103中央線代 - 看板 Grad-ProbAsk - 批踢踢實業坊,magic83v,: 子空間會有獨立基底 反過來獨立基底生成子空間同個意思, 01/31 10:11
[理工] 107 中央OS - 看板 Grad-ProbAsk - 批踢踢實業坊,magic83v,: 原文只提到abc沒錯  d我查很久都沒看到, 02/01 06:46
[理工] 對稱矩陣找eigenvalue - 看板 Grad-ProbAsk - 批踢踢實業坊,magic83v,: 算AtA 或是中間那行*2-左邊*2-右邊*1, 01/30 12:06
[理工] 103 中山 離散 - 看板 Grad-ProbAsk - 批踢踢實業坊,magic83v,: dn是全亂序 c選項只要求x1!=y1 全部-x1=y1, 01/30 12:33
[理工] 103 中山 離散 - 看板 Grad-ProbAsk - 批踢踢實業坊,magic83v,": (x,y)有 m*n個配對 每個關係1/0 2^(mn)", 01/30 12:41
[理工] 105交大 計系 - 看板 Grad-ProbAsk - 批踢踢實業坊,magic83v,: branch handle移到前面 減少penalty 改善cpi 感覺合理,01/30 17:44
[理工] 105交大 計系 - 看板 Grad-ProbAsk - 批踢踢實業坊,magic83v,:  但後面說不增加cycle time 題目應該要給分支比較單元,01/30 17:44
[理工] 105交大 計系 - 看板 Grad-ProbAsk - 批踢踢實業坊,magic83v,: 的時間才能寫吧,01/30 17:44
[理工] 107 中央資工數學對答案 - 看板 Grad-ProbAsk - 批踢踢實業坊,magic83v,: AxB有15個 所以AxB是2^225 不是A跟B的關係, 01/30 23:08
[理工] 102.105中央 離散 生成函數問題 - 看板 Grad-ProbAsk - 批踢踢實業坊,magic83v,:  https://i.imgur.com/n7it7xo.jpg, 01/29 11:42
[理工] 102.105中央 離散 生成函數問題 - 看板 Grad-ProbAsk - 批踢踢實業坊,magic83v,: 上面第一行列錯 第二行應該還是對的, 01/29 11:42
[理工] 105中正 線代 題庫 - 看板 Grad-ProbAsk - 批踢踢實業坊,magic83v,: 左右乘正交矩陣給他？ A=PDP^t, 01/29 11:46
[理工] 中山 104 離散 - 看板 Grad-ProbAsk - 批踢踢實業坊,magic83v,:  https://i.imgur.com/kuQLDJB.jpg, 01/29 12:18
[理工] 中山 104 離散 - 看板 Grad-ProbAsk - 批踢踢實業坊,magic83v,: 3當作b.h綁在一起 視為a.c.d.e.f.g.h 7個相異 分堆的方, 01/29 16:36
[理工] 中山 104 離散 - 看板 Grad-ProbAsk - 批踢踢實業坊,magic83v,: 法數 stirling number, 01/29 16:36
[理工] 中山 104 離散 - 看板 Grad-ProbAsk - 批踢踢實業坊,magic83v,": 相S(7,1)+S(7,2)+..到S(7,7)", 01/29 16:39
[理工] 107台大電機丙 資結對答案 - 看板 Grad-ProbAsk - 批踢踢實業坊,magic83v,: 7.8我選AA 有t(node) 找中間相當於二分搜尋的速度,01/29 17:35
[理工] 107台大電機丙 資結對答案 - 看板 Grad-ProbAsk - 批踢踢實業坊,magic83v,: 旋轉可能會影響到整棵樹s.t 花O(n)調整應該合理,01/29 17:36
[理工] 107台大電機丙 資結對答案 - 看板 Grad-ProbAsk - 批踢踢實業坊,magic83v,: 想問1. 至少修改4個link 是哪4個,01/29 17:40
[理工] 107台大電機丙 資結對答案 - 看板 Grad-ProbAsk - 批踢踢實業坊,magic83v,: 17c也看不太懂意思 qq,01/29 17:58
[理工] 107台大電機丙 資結對答案 - 看板 Grad-ProbAsk - 批踢踢實業坊,magic83v,: 哦對 7A忘記skew的情況,01/29 19:08
[理工] 107中山 資結 是非題對答案 - 看板 Grad-ProbAsk - 批踢踢實業坊,magic83v,: 8我會想寫t, 01/28 23:46
[理工] 107 交大 線代 - 看板 Grad-ProbAsk - 批踢踢實業坊,magic83v,: 已知是3跟6吧？, 01/29 10:45
[理工] 107 交大 線代 - 看板 Grad-ProbAsk - 批踢踢實業坊,magic83v,:  https://i.imgur.com/N5IUNas.jpg, 01/29 10:47
[理工] 107 交大 線代 - 看板 Grad-ProbAsk - 批踢踢實業坊,magic83v,: 講義跟網路上題目不一樣 題目有問題做法也有問題, 01/29 11:38
[理工] 107 交大 線代 - 看板 Grad-ProbAsk - 批踢踢實業坊,magic83v,: 原題是想給你第一個跟第二個vector 找出對應的value 再, 01/29 11:39
[理工] 107 交大 線代 - 看板 Grad-ProbAsk - 批踢踢實業坊,magic83v,: 用trace的方法, 01/29 11:39
[理工] 107 交大 線代 - 看板 Grad-ProbAsk - 批踢踢實業坊,magic83v,: 找第三個value跟vector, 01/29 11:39
[理工] 96交大 數學 - 看板 Grad-ProbAsk - 批踢踢實業坊,magic83v,: 其實就是I-2uu^t 都變成符號而已, 01/26 22:32
Re: [理工] 107 交大 資演 10 - 看板 Grad-ProbAsk - 批踢踢實業坊,magic83v,: 我以為是令兩個點叫u.v 把s.t接在上面就好, 01/27 12:05
Re: [理工] 107 交大 資演 10 - 看板 Grad-ProbAsk - 批踢踢實業坊,magic83v,: 要考慮所有點才對==, 01/27 12:24
[理工] 103中央 離散 鴿籠 - 看板 Grad-ProbAsk - 批踢踢實業坊,magic83v,: ...這鴿籠觀念, 01/27 17:10
[理工] 103中央 離散 鴿籠 - 看板 Grad-ProbAsk - 批踢踢實業坊,magic83v,: 中央鴿籠算蠻愛考的 建議要看一下, 01/27 17:11
[心得] 請問大家做題目 - 看板 Grad-ProbAsk - 批踢踢實業坊,magic83v,: 至少另外兩科寫得完不會挫折 這樣很不錯了, 01/27 19:13
[理工] -107 資結 - 看板 Grad-ProbAsk - 批踢踢實業坊,magic83v,: 紅黑樹不超過2log(n+1)  感覺問這個有點細 不知道n+1跟n, 01/27 21:36
[理工] -107 資結 - 看板 Grad-ProbAsk - 批踢踢實業坊,magic83v,: -1有沒有差, 01/27 21:36
[理工] 線代 旋轉矩陣特徵根 - 看板 Grad-ProbAsk - 批踢踢實業坊,magic83v,: 好像是這樣 順序反了 不太懂他先用eigenvalue value!=1, 01/25 16:23
[理工] 線代 旋轉矩陣特徵根 - 看板 Grad-ProbAsk - 批踢踢實業坊,magic83v,: 來否定的原因是什麼, 01/25 16:23
[理工] 線代 旋轉矩陣特徵根 - 看板 Grad-ProbAsk - 批踢踢實業坊,magic83v,: 感謝 後來有發現是這樣來的了, 01/26 01:19
[理工] 線代 旋轉矩陣特徵根 - 看板 Grad-ProbAsk - 批踢踢實業坊,magic83v,: 對, 01/26 14:58
[理工] 交大 數學95 - 看板 Grad-ProbAsk - 批踢踢實業坊,magic83v,: 縮圖錯？ run要有1個啊 沒東西的話 設的k run不就錯了, 01/25 16:41
[理工] 線代課本 1-26 例18 - 看板 Grad-ProbAsk - 批踢踢實業坊,magic83v,: 那兩個乘起來就是I 為了後面要結合兩項才故意寫成這樣, 01/25 16:55
[理工] 線代課本 1-26 例18 - 看板 Grad-ProbAsk - 批踢踢實業坊,magic83v,: 的, 01/25 16:55
[理工] 線代 minimal solution問 - 看板 Grad-ProbAsk - 批踢踢實業坊,magic83v,: minimal是講長度最小 應該跟含不含ker(A)沒關係？, 01/26 13:21
[理工] 線代 minimal solution問 - 看板 Grad-ProbAsk - 批踢踢實業坊,magic83v,: ［-2.0.2.0］應該不屬於RAt  是那個解集的空間裡面 只, 01/26 13:30
[理工] 線代 minimal solution問 - 看板 Grad-ProbAsk - 批踢踢實業坊,magic83v,: 有一個屬於RAt  所有才要找那個min sol, 01/26 13:30
[理工] 線代 minimal solution問 - 看板 Grad-ProbAsk - 批踢踢實業坊,magic83v,:  一開始取找least square 就只是隨便抓一個解+兩個生成, 01/26 13:36
[理工] 線代 minimal solution問 - 看板 Grad-ProbAsk - 批踢踢實業坊,magic83v,: 的向量, 01/26 13:36
[理工] 線代 minimal solution問 - 看板 Grad-ProbAsk - 批踢踢實業坊,magic83v,: 如果一開始取的就是R(A)^t的話 那就是你講的狀況沒錯, 01/26 13:37
[理工] 線代 minimal solution問 - 看板 Grad-ProbAsk - 批踢踢實業坊,magic83v,: 我是這樣想啦 有錯再幫我糾正qq, 01/26 13:37
[理工] Jordan form的P怎麼求 - 看板 Grad-ProbAsk - 批踢踢實業坊,magic83v,": 0矩陣的ker可以取span(1.0.0),(0.1.0),(0.0.1)", 01/26 16:59
[理工] 107台大電機丙 離散(9)(14) - 看板 Grad-ProbAsk - 批踢踢實業坊,magic83v,: 空集合就不滿足反身性了 要有00跟11耶, 01/26 16:54
[理工] 107台大電機丙 離散(9)(14) - 看板 Grad-ProbAsk - 批踢踢實業坊,magic83v,: a是指空集合上的二元關係, 01/26 17:08
[理工] 107台大電機丙 離散(9)(14) - 看板 Grad-ProbAsk - 批踢踢實業坊,magic83v,: 但是這題已經指定｛0.1｝上的二元關係了, 01/26 17:08
[理工] 106中央離散9.10線代17 - 看板 Grad-ProbAsk - 批踢踢實業坊,magic83v,: 17的a好像不能選 重複就不會n個了, 01/24 13:06
[理工] 考試相關！ - 看板 Grad-ProbAsk - 批踢踢實業坊,magic83v,: 我X都寫X 乘都寫乘 這樣就不會搞錯了, 01/25 12:49
[心得] 108台大資工正取心得（代po） - 看板 graduate - 批踢踢實業坊,magic83v,: 10分怎麼回事XD,  27.242.193.79 03/31 22:38
[理工] 線代 反矩陣求法 - 看板 Grad-ProbAsk - 批踢踢實業坊,magic83v,: 哦哦了解 剛是想到可能3個eigenvalue 的情況會不會有例, 01/23 18:45
[理工] 線代 反矩陣求法 - 看板 Grad-ProbAsk - 批踢踢實業坊,magic83v,: 外出現之類的, 01/23 18:45
[理工] 線代 反矩陣求法 - 看板 Grad-ProbAsk - 批踢踢實業坊,magic83v,: 用多項式的角度考慮這個應該比較安全(?, 01/23 18:46
Re: [理工] 107中央資工 數學 對答案 - 看板 Grad-ProbAsk - 批踢踢實業坊,magic83v,: 那時候沒什麼人討論我答案應該錯很多0.0sry, 01/23 19:29
[理工] 106交大 線代 11-g - 看板 Grad-ProbAsk - 批踢踢實業坊,magic83v,: 要看pivot得定義是什麼, 01/23 21:34
[理工] 離散整數nod n乘法群 - 看板 Grad-ProbAsk - 批踢踢實業坊,magic83v,: 講完之後好像釐清了0.0！ 感謝rice大,01/22 02:27
[理工] 102台大數學 - 看板 Grad-ProbAsk - 批踢踢實業坊,magic83v,: 最後一題 反例 3維空間的x.y垂直 但不為per, 01/22 12:24
[理工] 102台大數學 - 看板 Grad-ProbAsk - 批踢踢實業坊,magic83v,: induced subgraph 原邊好像要在, 01/22 12:24
[理工] 106台大電機丙計系 對答案 - 看板 Grad-ProbAsk - 批踢踢實業坊,magic83v,: 2.A cisc format可長可短 risc fixed 32 能算short嗎(?, 01/21 14:32
[理工] 106台大電機丙計系 對答案 - 看板 Grad-ProbAsk - 批踢踢實業坊,magic83v,": 3.D not allowed access 算是illegal, s.f應該要指不在m", 01/21 14:34
[理工] 106台大電機丙計系 對答案 - 看板 Grad-ProbAsk - 批踢踢實業坊,magic83v,: em中, 01/21 14:34
[理工] 106台大電機丙計系 對答案 - 看板 Grad-ProbAsk - 批踢踢實業坊,magic83v,: 想問13怎麼寫的 14是課本哪段 感謝, 01/21 14:51
[理工] 106台大電機丙計系 對答案 - 看板 Grad-ProbAsk - 批踢踢實業坊,magic83v,: 了解 3q 想說資源需求這麼籠統的問題不知道要回答什麼, 01/23 11:54
離散 關係 - 看板 Grad-ProbAsk - 批踢踢實業坊,magic83v,: 3.1、1.3、沒3.3, 01/21 10:46
[理工] 一起寫台大計系 - 看板 Grad-ProbAsk - 批踢踢實業坊,magic83v,: qq計系太爛不敢+, 01/21 13:44
[理工] 一起寫台大計系 - 看板 Grad-ProbAsk - 批踢踢實業坊,magic83v,: 2.A cisc長度不一 risc規定32 不算short吧(?, 01/21 14:31
[理工] 一起寫台大計系 - 看板 Grad-ProbAsk - 批踢踢實業坊,magic83v,: 回錯sry, 01/21 14:31
Re: [理工] 100台大 數學 - 看板 Grad-ProbAsk - 批踢踢實業坊,magic83v,: 推第三題！再翻一次書發現小黃下冊定理8-51就是講這個, 01/20 00:39
[理工] 106台大電機丙 資結 tree - 看板 Grad-ProbAsk - 批踢踢實業坊,magic83v,: 感謝 我在想想, 01/20 23:48
[理工] 106台大電機丙 資結 tree - 看板 Grad-ProbAsk - 批踢踢實業坊,magic83v,: 想問一下12的e 有O(n)的方法是什麼  個15 d有錯反例嗎？, 01/21 17:50
[理工] 100台大 數學 - 看板 Grad-ProbAsk - 批踢踢實業坊,magic83v,: hilbert matrix 小黃8-130有類題, 01/19 14:00
[理工] 關於台大資工的硬體 - 看板 Grad-ProbAsk - 批踢踢實業坊,magic83v,: 台大硬體pass 睡前當閱讀測驗看, 01/17 16:19
[心得] 108台大資工正取心得 - 看板 graduate - 批踢踢實業坊,magic83v,: 醒,  27.242.193.79 03/26 17:55
[閒聊] 發錢 - 看板 graduate - 批踢踢實業坊,magic83v,: 推,  27.242.193.79 03/27 02:54
[理工] 離散 排列組合 - 看板 Grad-ProbAsk - 批踢踢實業坊,magic83v,: 暴力舉 5個1 6個1 7個1這樣 加起來, 01/15 17:36
[理工] 98台大 數學 - 看板 Grad-ProbAsk - 批踢踢實業坊,magic83v,: 第二題應該也沒辦法有想法吧0.0乘起來就是答案, 01/16 14:01
[心得] 108資工所x考試x心得 - 看板 graduate - 批踢踢實業坊,magic83v,: 暗黑朵拉推推,27.242.161.230 03/23 22:06
[心得] 108資工所x考試x心得 - 看板 graduate - 批踢踢實業坊,magic83v,: 居然沒有分享幾招暗黑心法！,27.242.161.230 03/23 23:03
[心得] 資工上榜心得 - 看板 graduate - 批踢踢實業坊,magic83v,: 今年幾個北科xd, 27.242.161.230 03/23 22:22
[心得] 資工跨考心得 - 看板 graduate - 批踢踢實業坊,magic83v,: 寫這麼多還說自己很菜！, 27.242.161.230 03/23 23:21
[心得] 108資工所上榜心得（代po） - 看板 graduate - 批踢踢實業坊,magic83v,: 北科還有幾篇 怕, 27.242.161.230 03/24 19:08
[理工] 107中山離散 - 看板 Grad-ProbAsk - 批踢踢實業坊,magic83v,: 頃問一下x^(A+2)是什麼意思, 01/13 12:24
"[理工] 101-103資工數學解答,104資工考古解答 - 看板 Grad-ProbAsk - 批踢踢實業坊",magic83v,: 推推 之前的100-103壞掉修好了, 01/13 14:28
[心得] 108資工所重考心得+補習分享+一些資源 - 看板 graduate - 批踢踢實業坊,magic83v,: SKY葛格這篇居然只值34P！！！,27.242.161.230 03/22 23:39
[心得] 108資工所考試心得 - 看板 graduate - 批踢踢實業坊,magic83v,: 樓上每個我都發現了>\\\\<,27.242.161.230 03/22 00:52
[心得] 108資工所考試心得 - 看板 graduate - 批踢踢實業坊,magic83v,: 集滿5個Eric可以許願 還有誰是Eric><,27.242.161.230 03/22 00:53
[心得]資工跨考補習廢物心得 - 看板 graduate - 批踢踢實業坊,magic83v,: 標題騙人, 27.242.161.230 03/22 13:22
[心得]資工跨考補習廢物心得 - 看板 graduate - 批踢踢實業坊,magic83v,: 9是誰說的xdd, 27.242.161.230 03/22 14:36
[心得] 找教授重點分享，資工跨考生找教授心得 - 看板 graduate - 批踢踢實業坊,magic83v,: 我大概知道為什麼我的回信率這麼低了==, 27.242.161.230 03/21 16:57
[心得] 資工所研究所考試心得(代po) - 看板 graduate - 批踢踢實業坊,magic83v,: 慶功宴++ 害怕自己坐><, 27.242.161.230 03/20 23:58
[心得] 資工所考試心得(有補習/重考) - 看板 graduate - 批踢踢實業坊,magic83v,: 我比較想知道樓上是誰=w=, 27.242.161.230 03/20 01:49
[理工] - 看板 Grad-ProbAsk - 批踢踢實業坊,magic83v,: 選擇題可以當邏輯在寫喔..敘述錯就是錯吧 還有分命題對, 01/04 16:42
[理工] - 看板 Grad-ProbAsk - 批踢踢實業坊,magic83v,: 錯..？, 01/04 16:42
[理工] 線代兩題 - 看板 Grad-ProbAsk - 批踢踢實業坊,magic83v,: 問垂直64-9的x.y.z平面 不是x減y減z 有點容易誤會, 01/05 15:55
[理工] 107中央OS對答案 - 看板 Grad-ProbAsk - 批踢踢實業坊,magic83v,": 5 BD ,6 ABC d書上跟網路上都找不到", 01/05 22:54
[理工] 107中央OS對答案 - 看板 Grad-ProbAsk - 批踢踢實業坊,magic83v,: 10 CE, 01/05 22:55
[理工] 107中央OS對答案 - 看板 Grad-ProbAsk - 批踢踢實業坊,magic83v,: 2 我選AC而已 D會對嗎？, 01/05 23:03
[理工] CPI with memory sys. - 看板 Grad-ProbAsk - 批踢踢實業坊,magic83v,: 好文推！, 01/06 05:34
[請益] 交大資工/多工 找教授 - 看板 graduate - 批踢踢實業坊,magic83v,: 張滿了 上次團面直接收最後一個,27.242.161.230 03/19 01:18
[理工] 104 中央 線代 - 看板 Grad-ProbAsk - 批踢踢實業坊,magic83v,: 19題d應該沒錯吧？ 爬文都沒d, 01/03 01:20
[理工] 104 中央 線代 - 看板 Grad-ProbAsk - 批踢踢實業坊,magic83v,: 阿沒事 AtA是>=0, 01/03 13:36
[理工] 計組(應該也算OS吧)三題 - 看板 Grad-ProbAsk - 批踢踢實業坊,magic83v,: 如果讀寫頭在最外圈的話 120.555.22 會是seek time最小, 12/30 16:43
[理工] 計組(應該也算OS吧)三題 - 看板 Grad-ProbAsk - 批踢踢實業坊,magic83v,: 的組合吧? 題意要seek time far larger than rotation, 12/30 16:43
[理工] 計組(應該也算OS吧)三題 - 看板 Grad-ProbAsk - 批踢踢實業坊,magic83v,: wa了解 可能是我誤會了 用圖上的磁軌順時針旋轉去想的, 12/31 09:37
[理工] AVL Tree Rotation次數 - 看板 Grad-ProbAsk - 批踢踢實業坊,magic83v,: 請問哪裡有說是1或2次0.0,12/24 17:07
[理工] 徵求107交大資工 線代離散考題 - 看板 Grad-ProbAsk - 批踢踢實業坊,magic83v,: 12題的4 有交大公布的答案嗎？每本書的答案都不一樣, 12/21 15:15
[理工] 徵求107交大資工 線代離散考題 - 看板 Grad-ProbAsk - 批踢踢實業坊,magic83v,: 選項敘述是對的 但題目問是不是基本矩陣 這樣就錯, 12/21 15:16
[理工] 記組 多重處理器相關問題 - 看板 Grad-ProbAsk - 批踢踢實業坊,magic83v,:  https://i.imgur.com/KbpTTvv.jpg,12/09 17:37
[理工] 記組 多重處理器相關問題 - 看板 Grad-ProbAsk - 批踢踢實業坊,magic83v,:  https://i.imgur.com/1Xxd4Ov.jpg,12/09 17:39
[閒聊] 有推真的有正取嗎？ - 看板 graduate - 批踢踢實業坊,magic83v,: 我沒推落榜給你參考, 27.242.161.230 03/15 13:28
[理工] 離散 遞迴 - 看板 Grad-ProbAsk - 批踢踢實業坊,magic83v,: ...能問一下這題出處嗎, 12/09 23:34
[理工] 計組 single cycle和Multi-cycle - 看板 Grad-ProbAsk - 批踢踢實業坊,magic83v,: 請問第一題的d為什麼會對, 12/12 21:33
[理工] 計組 single cycle和Multi-cycle - 看板 Grad-ProbAsk - 批踢踢實業坊,magic83v,: 和第二題的c register file lw跟R指令不就用了兩次嗎, 12/12 21:35
[理工] 線代 第八章證明問題 - 看板 Grad-ProbAsk - 批踢踢實業坊,magic83v,: 正定是xAx>0 屬於R, 12/08 21:55
[理工] 線代 107成大 二次式應用 - 看板 Grad-ProbAsk - 批踢踢實業坊,magic83v,: xd 感謝 完全沒想到 還蠻好笑的, 12/04 00:45
Re: [理工] 線代題庫班p35! - 看板 Grad-ProbAsk - 批踢踢實業坊,magic83v,: orz是我寫錯 乘出來上面是n+1項 下面才是an項, 12/05 23:00
[理工] 107中央數學 對答案 - 看板 Grad-ProbAsk - 批踢踢實業坊,magic83v,: 我也很好奇沒別系的,12/06 18:22
[情報] 成大放榜 - 看板 graduate - 批踢踢實業坊,magic83v,: 考上台大還會怕台大辛苦嗎xd,     27.52.7.16 03/14 10:28
[理工] 交大線代 - 看板 Grad-ProbAsk - 批踢踢實業坊,magic83v,: 題目問which can be true就選, 12/01 02:11
[理工] 交大線代 - 看板 Grad-ProbAsk - 批踢踢實業坊,magic83v,: must 就不選, 12/01 02:11
[理工] 交大線代 - 看板 Grad-ProbAsk - 批踢踢實業坊,magic83v,: 我是這樣理解的 感覺沒什麼問題, 12/01 02:18
[理工] 離散6-65觀念！ - 看板 Grad-ProbAsk - 批踢踢實業坊,magic83v,: ..看不太懂你的敘述 你疑惑的點是哪裡, 12/01 16:10
[理工] 離散6-65觀念！ - 看板 Grad-ProbAsk - 批踢踢實業坊,magic83v,:  https://i.imgur.com/nJmJft6.jpg, 12/01 16:11
[理工] 離散6-65觀念！ - 看板 Grad-ProbAsk - 批踢踢實業坊,magic83v,: cycle內每個點degree至少2沒錯吧, 12/01 16:13
[理工] OS  read/write發生死結 - 看板 Grad-ProbAsk - 批踢踢實業坊,magic83v,: 忘記說 問題是b小題, 12/02 17:54
[理工] 交大104線代考古 很簡單的觀念題目 - 看板 Grad-ProbAsk - 批踢踢實業坊,magic83v,: 對, 12/03 11:22
[理工] OS kernal&user thread - 看板 Grad-ProbAsk - 批踢踢實業坊,magic83v,: 好像混亂0.0 library分成user space的跟kernel thread, 11/27 19:33
[理工] OS kernal&user thread - 看板 Grad-ProbAsk - 批踢踢實業坊,magic83v,: 的, 11/27 19:33
資結 - 看板 Grad-ProbAsk - 批踢踢實業坊,magic83v,: 輸入是n^2 但是處理的數字是1^2、2^2...n^2, 11/28 12:36
資結 - 看板 Grad-ProbAsk - 批踢踢實業坊,magic83v,: 所以還是只有n筆資料 進去做這個迴圈, 11/28 12:36
資結 - 看板 Grad-ProbAsk - 批踢踢實業坊,magic83v,: 感覺不太合理 又不是輸入1～n^2, 11/28 12:37
[理工] 線代題庫班p35! - 看板 Grad-ProbAsk - 批踢踢實業坊,magic83v,:  https://i.imgur.com/oIFrFgR.jpg, 11/28 20:29
[理工] 計組 carry detection - 看板 Grad-ProbAsk - 批踢踢實業坊,magic83v,: 懂了感謝, 11/29 01:02
[理工] 線代題庫7-13 - 看板 Grad-ProbAsk - 批踢踢實業坊,magic83v,: 感覺你是不熟第四章的定義, 11/30 17:15
[理工] 線代題庫7-13 - 看板 Grad-ProbAsk - 批踢踢實業坊,magic83v,: 題目這個矩陣其實就是R(A)per的投影算子, 11/30 17:16
[理工] [資結] 高等樹問題 - 看板 Grad-ProbAsk - 批踢踢實業坊,magic83v,: 20步 p插錯地方,11/27 02:08
[理工] [資結] 高等樹問題 - 看板 Grad-ProbAsk - 批踢踢實業坊,magic83v,: 刪除也錯 degree要3-5,11/27 02:09
[理工] 線代 正交矩陣 - 看板 Grad-ProbAsk - 批踢踢實業坊,magic83v,:  https://i.imgur.com/L27G831.jpg, 11/27 16:00
[理工] 線代 正交矩陣 - 看板 Grad-ProbAsk - 批踢踢實業坊,magic83v,: 這反例對嗎, 11/27 16:00
[理工] 線代 正交矩陣 - 看板 Grad-ProbAsk - 批踢踢實業坊,magic83v,: 還滿奸詐的0.0答案說true 我才去硬湊反例 考試遇到應該, 11/27 16:03
[理工] 線代 正交矩陣 - 看板 Grad-ProbAsk - 批踢踢實業坊,magic83v,: 就被騙了, 11/27 16:03
[理工] context switch 問題 - 看板 Grad-ProbAsk - 批踢踢實業坊,magic83v,: 感謝回答 我思考看看, 11/20 16:37
[理工] 數學歸納 - 看板 Grad-ProbAsk - 批踢踢實業坊,magic83v,:  https://i.imgur.com/QeuYvbd.jpg, 11/20 15:35
[理工] 離散集合論&計組兩題 - 看板 Grad-ProbAsk - 批踢踢實業坊,magic83v,: 第一題我這裡的答案是true 有可能你的答案錯嗎？, 11/20 18:37
[理工] 離散集合論&計組兩題 - 看板 Grad-ProbAsk - 批踢踢實業坊,magic83v,: 2 就把空集合當一個元素來看, 11/20 18:37
[理工] 離散集合論&計組兩題 - 看板 Grad-ProbAsk - 批踢踢實業坊,magic83v,: 3 0個元素cross2個元素 會是空, 11/20 18:39
[理工] 離散集合論&計組兩題 - 看板 Grad-ProbAsk - 批踢踢實業坊,magic83v,: 4你已經講完了 是對的 怎麼轉換是什麼意思, 11/20 18:40
[理工] 離散集合論&計組兩題 - 看板 Grad-ProbAsk - 批踢踢實業坊,magic83v,: 3你錯在空集合 怎麼還能那一個元素去跟B cross, 11/20 18:44
[理工] 離散集合論&計組兩題 - 看板 Grad-ProbAsk - 批踢踢實業坊,magic83v,: 空集合就是那個圈圈 可以, 11/20 22:15
[理工]計組上冊437（4）！ - 看板 Grad-ProbAsk - 批踢踢實業坊,magic83v,: 能take fewer cycle 但因為在pipeline還是要跑5個stage, 11/20 21:17
[理工]計組上冊437（4）！ - 看板 Grad-ProbAsk - 批踢踢實業坊,magic83v,:  所以還是無法improve, 11/20 21:17
[理工] 線代 第七章 - 看板 Grad-ProbAsk - 批踢踢實業坊,magic83v,: 要先正交化, 11/20 21:12
[理工] 計組 算數overflow - 看板 Grad-ProbAsk - 批踢踢實業坊,magic83v,: 大概意思是 流程控制 溢位 會改變一般正常的流程 的意, 11/21 09:05
[理工] 計組 算數overflow - 看板 Grad-ProbAsk - 批踢踢實業坊,magic83v,: 思是吧 感謝兩位, 11/21 09:05
[理工] os題庫 T2 交談系統  - 看板 Grad-ProbAsk - 批踢踢實業坊,magic83v,: 感謝 我好像跟什麼搞混了想不起來, 11/21 14:19
[理工] os題庫 T2 交談系統  - 看板 Grad-ProbAsk - 批踢踢實業坊,magic83v,: 想到再問好了xd, 11/21 14:19
[理工] OS process排班 fifo判斷 - 看板 Grad-ProbAsk - 批踢踢實業坊,magic83v,: 感謝n大 我再想想, 11/16 15:00
[理工] 線代 102交大 SVD問題 - 看板 Grad-ProbAsk - 批踢踢實業坊,magic83v,: 感謝 好像懂了不過有點抽象,11/07 19:05
[理工] 線代 102交大 SVD問題 - 看板 Grad-ProbAsk - 批踢踢實業坊,magic83v,: ok~好像有點感覺  再多算幾題想一下0.0感謝, 11/07 19:15
[理工] 計組jump指令目的位址計算 - 看板 Grad-ProbAsk - 批踢踢實業坊,magic83v,: 40000不到32bit 他前面都是0 還是有砍4bit, 11/07 19:32
[理工] 線代 找兩向量空間交集的基底 - 看板 Grad-ProbAsk - 批踢踢實業坊,magic83v,: 能問一下答案給什麼嗎？, 11/09 23:48
[理工] 線代 找兩向量空間交集的基底 - 看板 Grad-ProbAsk - 批踢踢實業坊,magic83v,: 原po的那句 前三個獨立 所以v1v2是交集的基底 這結論怎, 11/09 23:49
[理工] 線代 找兩向量空間交集的基底 - 看板 Grad-ProbAsk - 批踢踢實業坊,magic83v,: 麼來的0.0, 11/09 23:49
[理工] 線代 103台聯大電機 對稱矩陣rank - 看板 Grad-ProbAsk - 批踢踢實業坊,magic83v,: 對啊 我不知道標題要怎麼分類隨便打關鍵字..囧, 11/06 17:57
[理工] 線代 103成大資訊  - 看板 Grad-ProbAsk - 批踢踢實業坊,magic83v,: 我想到把A直接算出來 求cs 有別的想法的做法嗎0.0？, 11/06 18:18
[理工] 線代 103成大資訊  - 看板 Grad-ProbAsk - 批踢踢實業坊,magic83v,: 所以答案就是另外兩個eigenvactor 生成的空間嗎, 11/06 19:08
[理工] 線代 103成大資訊  - 看板 Grad-ProbAsk - 批踢踢實業坊,magic83v,: 這樣好像發現 更快的 因為vector正交 A對稱 cs(A+3)=cs(, 11/06 19:10
[理工] 線代 103成大資訊  - 看板 Grad-ProbAsk - 批踢踢實業坊,magic83v,: A^t+3)=ker(A^t+3)補, 11/06 19:10
[理工] 線代 103成大資訊  - 看板 Grad-ProbAsk - 批踢踢實業坊,magic83v,: 感謝大大 太神了xd, 11/06 19:12
[理工] 線代 103成大資訊  - 看板 Grad-ProbAsk - 批踢踢實業坊,magic83v,: 我也是看完你講才發現 囧 前面的觀念把第八章扯進來真, 11/06 19:15
[理工] 線代 103成大資訊  - 看板 Grad-ProbAsk - 批踢踢實業坊,magic83v,: 的頭痛, 11/06 19:15
[理工] 線代 線性系統.解集判斷 - 看板 Grad-ProbAsk - 批踢踢實業坊,magic83v,: 了解 謝謝各位 第二題的c選項 least square errer有人, 11/04 16:57
[理工] 線代 線性系統.解集判斷 - 看板 Grad-ProbAsk - 批踢踢實業坊,magic83v,: 知道該怎麼算嗎, 11/04 16:57
[理工] 線代第七章(內積)用到的基本積分 - 看板 Grad-ProbAsk - 批踢踢實業坊,magic83v,: 我只會次方+1 分母乘1/（次方+1）感覺就夠了.., 10/25 14:03
離散 遞迴5-40 - 看板 Grad-ProbAsk - 批踢踢實業坊,magic83v,: 回sky 感覺不會 分母4次分子7次我不會分解, 10/20 15:04
[理工] 生成函數求和 林緯6-16 - 看板 Grad-ProbAsk - 批踢踢實業坊,magic83v,: 1-3x微分 裡面那項微分是-3, 10/21 22:03
[理工] 生成函數求和 林緯6-16 - 看板 Grad-ProbAsk - 批踢踢實業坊,magic83v,: 我沒有回答道orz 想問sky大 解答上的式子你知道怎麼來, 10/21 23:04
[理工] 生成函數求和 林緯6-16 - 看板 Grad-ProbAsk - 批踢踢實業坊,magic83v,: 的嗎, 10/21 23:04
[理工] 生成函數求和 林緯6-16 - 看板 Grad-ProbAsk - 批踢踢實業坊,magic83v,: 感覺是直接推出來分子分母都是多項式 代3進去, 10/21 23:05
[理工] 生成函數求和 林緯6-16 - 看板 Grad-ProbAsk - 批踢踢實業坊,magic83v,: 感謝！超過9不計沒關係 所以可以直接這樣用, 10/21 23:13
[理工] 離散 propostition - 看板 Grad-ProbAsk - 批踢踢實業坊,magic83v,: 好像是 p則q and 非p則r and  q或r and 非q且r, 10/22 12:51
[理工] 離散 propostition - 看板 Grad-ProbAsk - 批踢踢實業坊,magic83v,: ...樓上講的好像直觀多了, 10/22 12:55
[理工] 線代 線性轉換保相依 - 看板 Grad-ProbAsk - 批踢踢實業坊,magic83v,: Tv1 Tv2 Tv3 相依, 10/23 13:58
[理工] 張凡下冊140 - 看板 Grad-ProbAsk - 批踢踢實業坊,magic83v,: cache要轉成physical addr看hit/miss 所以你前面也是錯, 10/16 02:06
[理工] 張凡下冊140 - 看板 Grad-ProbAsk - 批踢踢實業坊,magic83v,: 的, 10/16 02:06
[閒聊] 明天電通該怎麼準備 - 看板 graduate - 批踢踢實業坊,magic83v,: 離散跟線代選科採計 我猜會為了平衡分, 27.246.194.214 02/23 16:24
[閒聊] 明天電通該怎麼準備 - 看板 graduate - 批踢踢實業坊,magic83v,: 數把線代出很難, 27.246.194.214 02/23 16:24
[理工] 線代 skew symmetric 的特徵根 - 看板 Grad-ProbAsk - 批踢踢實業坊,magic83v,: 去複數證 感覺是少用一個條件 因為是實數 A=Abar, 10/09 19:46
[理工] 線代 skew symmetric 的特徵根 - 看板 Grad-ProbAsk - 批踢踢實業坊,magic83v,: #1A_ISqIm (Grad-ProbAsk) 有問過了, 10/09 20:19
[理工] 線代 skew symmetric 的特徵根 - 看板 Grad-ProbAsk - 批踢踢實業坊,magic83v,: 我也不太清楚 等高手解答, 10/09 20:20
[理工] 107中央 計組 cache access  - 看板 Grad-ProbAsk - 批踢踢實業坊,magic83v,: 也沒有位址對照表 只能用這個算了？, 10/11 14:00
[理工] 計組 下冊 P.49 - 看板 Grad-ProbAsk - 批踢踢實業坊,magic83v,: 2%要去第二層找 0.5%要去mem找 所以1.5%會在第二層找到, 10/11 13:27
[理工] 計組 下冊 P.53 - 看板 Grad-ProbAsk - 批踢踢實業坊,magic83v,: 題意 第二層512KB mr=4% 每多512KB可再降0.7%  隨著容量, 10/11 14:14
[理工] 計組 下冊 P.53 - 看板 Grad-ProbAsk - 批踢踢實業坊,magic83v,: 加大mr會降低, 10/11 14:14
[理工] 離散 二元運算表 例題 - 看板 Grad-ProbAsk - 批踢踢實業坊,magic83v,: and？看成次方嗎, 10/11 13:59
[理工] 計組 TLB 觀念問題 - 看板 Grad-ProbAsk - 批踢踢實業坊,magic83v,: 寫一些題目還是覺得很亂 可以的話方便請教看下一篇的切, 10/12 17:33
[理工] 計組 TLB 觀念問題 - 看板 Grad-ProbAsk - 批踢踢實業坊,magic83v,: 法嗎, 10/12 17:33
[閒聊] 電機丙88888 - 看板 graduate - 批踢踢實業坊,magic83v,: 想噓電機丙 又想推sky葛格><,27.246.97.245 02/22 14:10
[閒聊] 電機丙88888 - 看板 graduate - 批踢踢實業坊,magic83v,: 別鬧了 畫卡誰會知道沒答案要空白==,27.246.97.245 02/22 14:11
[閒聊] 電機丙88888 - 看板 graduate - 批踢踢實業坊,magic83v,: 那如果這次考的是不合常理的簡答題 是硬,27.246.97.245 02/22 14:38
[閒聊] 電機丙88888 - 看板 graduate - 批踢踢實業坊,magic83v,: 寫才有分數 還是不寫才有分數,27.246.97.245 02/22 14:38
[理工] 計組 TLB address 轉譯 - 看板 Grad-ProbAsk - 批踢踢實業坊,magic83v,: 感謝 那ITLB如果切的話會怎麼切呢, 10/14 15:18
[理工] 資結444 試題6 - 看板 Grad-ProbAsk - 批踢踢實業坊,magic83v,: huffman的merge是採greedy, 10/05 18:50
[理工] 資結444 試題6 - 看板 Grad-ProbAsk - 批踢踢實業坊,magic83v,: 希望成本最低的話 用dp紀錄每個組合應該不算有效的解決, 10/05 18:51
[理工] 資結444 試題6 - 看板 Grad-ProbAsk - 批踢踢實業坊,magic83v,: ？, 10/05 18:51
[閒聊] 成大計系 - 看板 graduate - 批踢踢實業坊,magic83v,: 我schur跟微分方程都唸了><沒人考, 27.246.194.214 02/23 16:20
放榜簡訊 - 看板 graduate - 批踢踢實業坊,magic83v,: 樓上電話給我我通知你><,  27.246.97.245 02/21 09:22
[閒聊] 大家有像之前一樣認真在準備成大嗎 - 看板 graduate - 批踢踢實業坊,magic83v,: 我前面考爆了qq繼續拼這間 不然我也想出,  27.246.97.245 02/20 20:35
[閒聊] 大家有像之前一樣認真在準備成大嗎 - 看板 graduate - 批踢踢實業坊,magic83v,: 去玩,  27.246.97.245 02/20 20:35
Re: [閒聊] 大家有像之前一樣認真在準備成大嗎 - 看板 graduate - 批踢踢實業坊,magic83v,: 我有一支槍 扛在肩膀上,  27.246.97.245 02/20 20:36
[閒聊] 崩潰熬不下去 - 看板 graduate - 批踢踢實業坊,magic83v,: 為了sky葛格決定撐下去><,  27.242.65.133 02/17 23:46
線代  第七章 函數的垂直和矩陣的垂直 - 看板 Grad-ProbAsk - 批踢踢實業坊,magic83v,: 正交補空間 唸per, 09/15 21:25
線代  第七章 函數的垂直和矩陣的垂直 - 看板 Grad-ProbAsk - 批踢踢實業坊,magic83v,: im跟ker是獨立吧 有說垂直嗎, 09/15 22:01
線代  第七章 函數的垂直和矩陣的垂直 - 看板 Grad-ProbAsk - 批踢踢實業坊,magic83v,: 剛沒仔細看你的問題sor, 09/15 22:02
[閒聊] 成大集氣惹 - 看板 graduate - 批踢踢實業坊,magic83v,: 先讓我放鬆一個禮拜==,  27.242.65.133 02/18 13:05
[閒聊] 成大集氣惹 - 看板 graduate - 批踢踢實業坊,magic83v,: 史萊姆是動畫嗎？ ><,  27.242.65.133 02/18 13:20
[理工] 成大資工 106 離散答案 - 看板 Grad-ProbAsk - 批踢踢實業坊,magic83v,: 5跟8有計算錯誤, 12/11 13:06
電機丙計結OS - 看板 graduate - 批踢踢實業坊,magic83v,: 那個銀行家跟tlb是怎樣,  27.52.129.139 02/17 15:25
電機丙計結OS - 看板 graduate - 批踢踢實業坊,magic83v,: 電機丙超鳥的你們不要拜託給我==,  27.242.65.133 02/17 18:19
[討論] 台大電機丙資結 - 看板 graduate - 批踢踢實業坊,magic83v,: 最後一題選eㄟ  囧 a我第一個刪掉,  27.242.65.133 02/17 18:06
[討論] 台大電機丙資結 - 看板 graduate - 批踢踢實業坊,magic83v,: 最後一個1+2+3+.....到<=n  不就加 logn,  27.242.65.133 02/17 18:11
[討論] 台大電機丙資結 - 看板 graduate - 批踢踢實業坊,magic83v,: ...== 我噴了嗎,  27.242.65.133 02/17 18:11
[閒聊] 臺大考場亂象？ - 看板 graduate - 批踢踢實業坊,magic83v,: 那個鳥也蠻吵的,  27.242.65.133 02/17 17:27
Re: [理工] 線代 wronskian - 看板 Grad-ProbAsk - 批踢踢實業坊,magic83v,: 請問一下矛盾處是哪裡, 09/07 12:37
Re: [理工] 線代 wronskian - 看板 Grad-ProbAsk - 批踢踢實業坊,magic83v,: 題目假設 w!=0(p)則獨立(q) 結果也推到相依(!q)則=0(!p), 09/07 12:39
Re: [理工] 線代 wronskian - 看板 Grad-ProbAsk - 批踢踢實業坊,magic83v,: 我還是卡在最後一句矛盾跟結論是怎麼出來的0.0, 09/07 12:39
[討論] 清大資工第一題有人會寫嗎 - 看板 graduate - 批踢踢實業坊,magic83v,: 我也好崩潰,  27.247.43.211 02/14 17:48
[閒聊] 大家這兩天考下來有全拿基本題嗎 - 看板 graduate - 批踢踢實業坊,magic83v,: 沒有 我自己先下去了,  27.247.43.211 02/14 22:52
[閒聊] 炮灰們也該來集氣了吧？ - 看板 graduate - 批踢踢實業坊,magic83v,: qq各位好心人可以留個位置給我嗎,  110.26.201.69 02/12 15:13
[閒聊] 豬年豬大家清交考4都順利 - 看板 graduate - 批踢踢實業坊,magic83v,: 含淚推,  110.26.201.69 02/12 18:42
[閒聊] 豬年豬大家清交考4都順利 - 看板 graduate - 批踢踢實業坊,magic83v,: 可惡錯過報名,  110.26.201.69 02/12 19:11
[閒聊] 交大的桌子好小哦 - 看板 graduate - 批踢踢實業坊,magic83v,: 我桌面被拉到最近 考完才知道可以伸縮,  27.247.162.70 02/13 16:32
[討論] 交大考題算舒服還是不舒服 - 看板 graduate - 批踢踢實業坊,magic83v,: 拜託告訴我QR有很多根號10qq,    39.9.135.27 02/13 13:01
[討論] 交大考題算舒服還是不舒服 - 看板 graduate - 批踢踢實業坊,magic83v,: 少整大題==,    39.9.135.27 02/13 13:11
[討論] 交大考題算舒服還是不舒服 - 看板 graduate - 批踢踢實業坊,magic83v,: 32+4+1 拜託不要再跟我不一樣了,  27.247.162.70 02/13 16:00
[討論] 交大考題算舒服還是不舒服 - 看板 graduate - 批踢踢實業坊,magic83v,: 原來還要平均再*4== 好險一樣 我算完全,  27.247.162.70 02/13 16:30
[討論] 交大考題算舒服還是不舒服 - 看板 graduate - 批踢踢實業坊,magic83v,: 就直接寫了,  27.247.162.70 02/13 16:30
[閒聊] 考完才想起來 - 看板 graduate - 批踢踢實業坊,magic83v,: 資工根本沒時間檢查...,  27.247.162.70 02/13 19:03
[閒聊] 大家行李都帶什麼?? - 看板 graduate - 批踢踢實業坊,magic83v,: 說不帶結果每個行李箱都是楓葉恐龍白算,39.9.71.206 02/11 15:22
[閒聊] 大家行李都帶什麼?? - 看板 graduate - 批踢踢實業坊,magic83v,: 盤全科題庫,39.9.71.206 02/11 15:22
[請益] 中興考試是否可用鉛筆作答 - 看板 graduate - 批踢踢實業坊,magic83v,: 是說明明有黑筆跟立可白 為什麼大家卻,    39.9.71.206 02/12 04:08
[請益] 中興考試是否可用鉛筆作答 - 看板 graduate - 批踢踢實業坊,magic83v,: 都用鉛筆跟橡皮擦,    39.9.71.206 02/12 04:08
[閒聊] 你遇過最暗黑的話是什麼？ - 看板 graduate - 批踢踢實業坊,magic83v,: 考前說沒唸 結果考完資安fib heap都會寫, 27.242.193.141 02/03 23:57
[閒聊] 你遇過最暗黑的話是什麼？ - 看板 graduate - 批踢踢實業坊,magic83v,: 上面那群是都沒看過女生嗎==？, 27.242.193.141 02/04 13:26
[閒聊] 你遇過最暗黑的話是什麼？ - 看板 graduate - 批踢踢實業坊,magic83v,:                         幹好正, 27.242.193.141 02/04 13:26
[閒聊] 大家都是笑著走出考場的嗎？ - 看板 graduate - 批踢踢實業坊,magic83v,: 我旁邊那個考計系一直拿筆敲桌子 幹,     39.8.195.2 02/01 20:08
[閒聊] 大家都是笑著走出考場的嗎？ - 看板 graduate - 批踢踢實業坊,magic83v,: 吵三小 敲了整整60分鐘才交卷 不知道來,     39.8.195.2 02/01 20:09
[閒聊] 大家都是笑著走出考場的嗎？ - 看板 graduate - 批踢踢實業坊,magic83v,: 幹嘛的 不會寫就睡覺別影響人好嗎,     39.8.195.2 02/01 20:09
[請益] 中山資工的題目是不是很硬派寫實 - 看板 graduate - 批踢踢實業坊,magic83v,: 幹嘛偷記倫家名字><, 27.242.193.141 02/02 16:42
[閒聊] 考前兩天大家怎麼度過 - 看板 graduate - 批踢踢實業坊,magic83v,: 去影響別人唸書,39.10.142.8 01/29 20:05
[討論] 資工所考前都會帶哪些書 - 看板 graduate - 批踢踢實業坊,magic83v,: 考中央把各種程式碼都帶去背, 110.28.205.218 01/30 19:58
[請益] 資工所演算法reduce證明都如何準備 - 看板 graduate - 批踢踢實業坊,magic83v,: 書上幾個有寫的稍微記一下 沒看過的就,    39.10.142.8 01/28 19:24
[請益] 資工所演算法reduce證明都如何準備 - 看板 graduate - 批踢踢實業坊,magic83v,: 看造化吧,    39.10.142.8 01/28 19:24
[請益] 四大真的基本全拿就會上了嗎？ - 看板 graduate - 批踢踢實業坊,magic83v,: 高手也是有分的 只會考小考的就繁星推,  110.26.163.42 01/20 20:47
[請益] 四大真的基本全拿就會上了嗎？ - 看板 graduate - 批踢踢實業坊,magic83v,: 甄 只會考大考的就推不了只好剩考試入,  110.26.163.42 01/20 20:48
[請益] 請問線代6.7.8精讀與否差很多嗎 - 看板 graduate - 批踢踢實業坊,magic83v,: 現在問這問題也來不及了啦,  27.247.109.13 01/18 18:18
[請益] 請問線代6.7.8精讀與否差很多嗎 - 看板 graduate - 批踢踢實業坊,magic83v,: 不如直接背計算方法 反正8章觀念也沒多,  27.247.109.13 01/18 18:18
[請益] 請問線代6.7.8精讀與否差很多嗎 - 看板 graduate - 批踢踢實業坊,magic83v,: 少人會,  27.247.109.13 01/18 18:18
[理工] 計組 有號數 張凡p.144  - 看板 Grad-ProbAsk - 批踢踢實業坊,magic83v,: 例如說要lh 但是把高位在歸零 是沒有幫助的運算的意思, 05/09 20:33
[理工] 計組 有號數 張凡p.144  - 看板 Grad-ProbAsk - 批踢踢實業坊,magic83v,: 嗎, 05/09 20:33
[理工] OS - 看板 Grad-ProbAsk - 批踢踢實業坊,magic83v,: 他說two level就一層cache一層mem,04/25 01:12
[理工] OS - 看板 Grad-ProbAsk - 批踢踢實業坊,magic83v,: 70%是時間 所以假設hitrate 然後cache時間/總搜尋時間=0,04/25 01:21
[理工] OS - 看板 Grad-ProbAsk - 批踢踢實業坊,magic83v,: .7,04/25 01:21
[理工] OS - 看板 Grad-ProbAsk - 批踢踢實業坊,magic83v,: 是我想太難嗎=.=,04/25 01:22
[理工] 線代 Lker - 看板 Grad-ProbAsk - 批踢踢實業坊,magic83v,: 是lker A包含於lker AB 剛去翻一下才發現, 04/10 00:28
[理工] 離散數學 排列組合 - 看板 Grad-ProbAsk - 批踢踢實業坊,magic83v,: 就跟你平常的cn0到cnn會等於2^n一樣意思, 03/22 03:27
[理工] 離散 r個相同球放進n個相異箱子 - 看板 Grad-ProbAsk - 批踢踢實業坊,magic83v,: 找y1~ym 整數解的問題跟同球不同箱的邏輯都是重複組合, 03/22 11:50
[理工] 計組 程序呼叫的問題 - 看板 Grad-ProbAsk - 批踢踢實業坊,magic83v,: mem中stack位址從高到低 所以是-4這樣下去,03/25 23:25
[理工] 計組 程序呼叫的問題 - 看板 Grad-ProbAsk - 批踢踢實業坊,magic83v,: sw是要存返回位址 最後拿出返回位址就不會再用到了 所以,03/25 23:31
[理工] 計組 程序呼叫的問題 - 看板 Grad-ProbAsk - 批踢踢實業坊,magic83v,: 把sp+回4 再跳回去,03/25 23:31
[理工] 計組 程序呼叫的問題 - 看板 Grad-ProbAsk - 批踢踢實業坊,magic83v,: 樓上 第二題是遞迴 每次呼叫都要用到參數 所以多存一個,03/26 15:10
[理工] 計組 程序呼叫的問題 - 看板 Grad-ProbAsk - 批踢踢實業坊,magic83v,: 位址參數,03/26 15:10
[理工] 107台大資工數學 (參考解答) - 看板 Grad-ProbAsk - 批踢踢實業坊,magic83v,: 推, 03/26 20:00
[理工] 線代 下三角矩陣乘積 - 看板 Grad-ProbAsk - 批踢踢實業坊,magic83v,: 了解了是把前面證過的當已知, 03/05 22:39
[理工] [分享] Extension of Master Theorem - 看板 Grad-ProbAsk - 批踢踢實業坊,magic83v,: 推 不過資工會考natural log嗎,03/12 18:11
[理工] 一題計算機組織 - 看板 Grad-ProbAsk - 批踢踢實業坊,magic83v,: 所以答案是c嗎？, 03/13 18:53
[理工] 離散 - 看板 Grad-ProbAsk - 批踢踢實業坊,magic83v,: 因為寫詳解知道不對 所以隨便舉個反例, 03/14 22:14
[理工] 離散 - 看板 Grad-ProbAsk - 批踢踢實業坊,magic83v,: 可以把若p->q展開成~pvq, 03/14 22:15
[理工] 99成大計組 - 看板 Grad-ProbAsk - 批踢踢實業坊,magic83v,: 問這個指令的跳躍目的 就是0x20擴增回去32bit, 03/18 23:12
[理工] 99成大計組 - 看板 Grad-ProbAsk - 批踢踢實業坊,magic83v,: j format剩26bit記錄address  所以砍6bit 還原address, 03/18 23:19
[理工] 99成大計組 - 看板 Grad-ProbAsk - 批踢踢實業坊,magic83v,: 的話就要加回去, 03/18 23:19
[理工] 99成大計組 - 看板 Grad-ProbAsk - 批踢踢實業坊,magic83v,: 對, 03/19 08:36
[理工] 線代 行列式 - 看板 Grad-ProbAsk - 批踢踢實業坊,magic83v,: 一行或一列為零det=0, 03/19 10:26
[情報] 台大報考人數 - 看板 graduate - 批踢踢實業坊,magic83v,: 有推清交正取 台大給你們,     39.9.33.31 12/13 17:51
[理工] 中央 計組 - 看板 Grad-ProbAsk - 批踢踢實業坊,magic83v,: 能請問最後一題怎麼算嗎 我只把三個數字乘起來, 02/08 17:28
[理工] 中央 計組 - 看板 Grad-ProbAsk - 批踢踢實業坊,magic83v,: 忘記最基本的乘週期...我乘上頻率次方還自動寫-9 算出, 02/08 17:41
[理工] 中央 計組 - 看板 Grad-ProbAsk - 批踢踢實業坊,magic83v,: 來有2.4我也沒檢查就直接寫, 02/08 17:41
[理工] 中央 計組 - 看板 Grad-ProbAsk - 批踢踢實業坊,magic83v,: 噴.., 02/08 17:41
[理工] 中央 計組 - 看板 Grad-ProbAsk - 批踢踢實業坊,magic83v,: 我數字應該也都帶錯 觀念不熟..感謝回答, 02/08 17:42
[理工] 線代 內積上的算子 - 看板 Grad-ProbAsk - 批踢踢實業坊,magic83v,: 下面有說看定理8-11 應該這題是自己些寫錯, 02/24 02:47
[理工] 線代 內積上的算子 - 看板 Grad-ProbAsk - 批踢踢實業坊,magic83v,": 那  二階［0 1, -1 0］得特徵值是多少", 02/24 15:48
[理工] 台大資工數學 - 看板 Grad-ProbAsk - 批踢踢實業坊,magic83v,: 終於是人寫的題目了, 02/06 17:58
[理工] 台大資工數學 - 看板 Grad-ProbAsk - 批踢踢實業坊,magic83v,: 我一個ad 一個ade qq, 02/06 18:05
[理工] 台大資工數學 - 看板 Grad-ProbAsk - 批踢踢實業坊,magic83v,: 我最後一項寫-a0欸 二階det, 02/06 18:13
[理工] 台大資工數學 - 看板 Grad-ProbAsk - 批踢踢實業坊,magic83v,: 當有向 n個點 每個點2^n種 這想法對嗎, 02/06 18:35
[理工] 台大資工數學 - 看板 Grad-ProbAsk - 批踢踢實業坊,magic83v,: 有self感覺我寫n*2^n比較對欸？希望如此, 02/06 18:57
[理工] 107中央資工-資演 - 看板 Grad-ProbAsk - 批踢踢實業坊,magic83v,: heapsort 那邊for i++又i>0 那終止條件對嗎, 02/08 11:50
[理工] 交大資節程式追蹤 - 看板 Grad-ProbAsk - 批踢踢實業坊,magic83v,: 我猜非0時成立 猜錯 沒用過這個運送元gg, 02/02 13:10
[理工] 交大資節程式追蹤 - 看板 Grad-ProbAsk - 批踢踢實業坊,magic83v,: 沒 我本科也是不知道&有這個算法==樓下你呢, 02/02 18:27
[理工] 交大資演最後一題 - 看板 Grad-ProbAsk - 批踢踢實業坊,magic83v,: 想的到n^7解法也是不容易, 02/02 18:26
[理工] 107交大 離散數學 第四題 - 看板 Grad-ProbAsk - 批踢踢實業坊,magic83v,: 我寫數學歸納法給他耶 在亂掰一下a.b可以在10以內 不知, 02/02 18:24
[理工] 107交大 離散數學 第四題 - 看板 Grad-ProbAsk - 批踢踢實業坊,magic83v,: 道有沒有分, 02/02 18:24
[理工] 交大 107計算機系統 解答 - 看板 Grad-ProbAsk - 批踢踢實業坊,magic83v,: 不敢算分數 不要錯第二次比較實在, 02/03 08:47
[理工] 清大資工計科研最後一題reduction - 看板 Grad-ProbAsk - 批踢踢實業坊,magic83v,: 1b我一開始想窮舉找規律 舉幾個就放棄 第二次回來 用餘0,02/03 15:47
[理工] 清大資工計科研最後一題reduction - 看板 Grad-ProbAsk - 批踢踢實業坊,magic83v,:  餘1 餘2 加到自己亂掉想驗算都不會==,02/03 15:47
[理工] 106台大資工計結 - 看板 Grad-ProbAsk - 批踢踢實業坊,magic83v,: 請問乘的4byte是什麼, 01/30 14:40
[請益] 設計類跨考資工所 代po - 看板 graduate - 批踢踢實業坊,magic83v,: 重心放線代資結計組,39.9.74.123 11/30 14:44
[請益] 設計類跨考資工所 代po - 看板 graduate - 批踢踢實業坊,magic83v,: 白花花的分數不拿可惜,39.9.74.123 11/30 14:44
[理工] 線代問題 - 看板 Grad-ProbAsk - 批踢踢實業坊,magic83v,: 代個3*3的矩陣進去看, 01/22 00:52
Re: [理工] 106台大資工 離散+線代 2、7、9、10題 - 看板 Grad-ProbAsk - 批踢踢實業坊,magic83v,: 同樓上 真值表會看但不會推倒 想問怎麼做, 01/23 22:06
Re: [理工] 106台大資工 離散+線代 2、7、9、10題 - 看板 Grad-ProbAsk - 批踢踢實業坊,magic83v,: 應該錯了 p->q且q->r不等價p->r, 01/23 22:51
[理工] 台大資料結構 - 看板 Grad-ProbAsk - 批踢踢實業坊,magic83v,: 能問一下11跟14題 的做法嗎0.0,12/12 19:11
[理工] 台大資料結構 - 看板 Grad-ProbAsk - 批踢踢實業坊,magic83v,: sor沒事了qq,12/12 19:13
[徵求] 資工所考試戰友 - 看板 graduate - 批踢踢實業坊,magic83v,: 推推 想加,   39.12.231.93 03/28 23:41
[請益] 大二下想考資工所該開始補習嗎？ - 看板 graduate - 批踢踢實業坊,magic83v,: 第三個想法 學校補習兼顧, 180.204.130.69 03/25 01:13
[閒聊] 非本科跨考資工所花多久時間？ - 看板 graduate - 批踢踢實業坊,magic83v,: 準備兩年的不會跑出來承認啦 只問的到半, 101.14.215.227 03/03 13:51
[閒聊] 多校資工考古題(新增版友提供的解答) - 看板 graduate - 批踢踢實業坊,magic83v,: 祝上榜,  101.15.232.51 03/01 00:55
[請益] 大二準備資工所疑問 - 看板 graduate - 批踢踢實業坊,magic83v,: 一年時間有辦法唸熟六科+會解題的話就寒,101.13.9.249 02/26 15:19
[請益] 大二準備資工所疑問 - 看板 graduate - 批踢踢實業坊,magic83v,: 假準備吧,101.13.9.249 02/26 15:19
[閒聊]  資工 每年都多少人+365啊 - 看板 graduate - 批踢踢實業坊,magic83v,: 感覺不多 大部分都應屆考爽的沒上就直,   101.9.225.81 02/05 19:07
[閒聊] 今年有哪一科是不簡單的嗎 - 看板 graduate - 批踢踢實業坊,magic83v,: 有看書應該自己知道哪題簡單哪題難吧xd,   101.9.225.81 02/06 00:00
[閒聊] 今年有哪一科是不簡單的嗎 - 看板 graduate - 批踢踢實業坊,magic83v,: 不要看留言影響到自己就好！,   101.9.225.81 02/06 00:00
[閒聊] 考前一週，大家在幹麻 - 看板 graduate - 批踢踢實業坊,magic83v,: 回廢文, 101.15.197.137 01/23 01:40
[討論] 女孩們覺得要怎麼降低虐童案？ - 看板 WomenTalk - 批踢踢實業坊,magic83v,: 那些族群本來就是被唾棄的族群 生出來的小孩沒人會想管,02/01 19:22
[討論] 為什麼有人那麼愛看別人手機？ - 看板 WomenTalk - 批踢踢實業坊,magic83v,: 超討厭別人碰我東西 是自己沒有嗎, 01/29 02:00
[閒聊] 現在還有人在手搖店喝奶精的奶茶嗎? - 看板 WomenTalk - 批踢踢實業坊,magic83v,: 自己會買牛奶 但手搖就想喝奶茶, 01/29 02:01
