[理工] 請教幾何重數/代數重數 - 看板 Grad-ProbAsk - 批踢踢實業坊,TEPLUN,: 看rank就知道nullity 可用來求gm, 03/09 02:10
[心得] 成大資工跨考仔備取心得 - 看板 graduate - 批踢踢實業坊,TEPLUN,: 資工心得感謝化工老師,1.163.35.185 04/26 08:40
[理工] 請教幾何重數/代數重數 - 看板 Grad-ProbAsk - 批踢踢實業坊,TEPLUN,: 看rank就知道nullity 可用來求gm, 03/09 02:10
[心得] 成大資工跨考仔備取心得 - 看板 graduate - 批踢踢實業坊,TEPLUN,: 資工心得感謝化工老師,1.163.35.185 04/26 08:40
[請益] 上很多間的大大請順手填放棄 - 看板 graduate - 批踢踢實業坊,TEPLUN,: 備取生死去,    1.160.0.214 04/18 08:47
[理工] NP - 看板 Grad-ProbAsk - 批踢踢實業坊,TEPLUN,: 都錯, 02/11 09:08
[理工] 107交大計系 16題 - 看板 Grad-ProbAsk - 批踢踢實業坊,TEPLUN,: 請問一樓是在暗黑嗎...TLB會有v d r bit沒錯 data改成page, 02/07 10:55
[理工] 107交大計系 16題 - 看板 Grad-ProbAsk - 批踢踢實業坊,TEPLUN,: number好一點 這題是OS 恐龍上把TLB內容寫成page no.跟fra, 02/07 10:57
[理工] 107交大計系 16題 - 看板 Grad-ProbAsk - 批踢踢實業坊,TEPLUN,: me no. 有些地方把他們寫成key跟value, 02/07 10:57
106清大計系 - 看板 Grad-ProbAsk - 批踢踢實業坊,TEPLUN,: 1.題目第二句說performance跟面積平方成正比 2. 0.2是不, 02/06 22:32
106清大計系 - 看板 Grad-ProbAsk - 批踢踢實業坊,TEPLUN,: 能分解的部分 但即使不能分解這部分用Y還是比用X快兩倍, 02/06 22:32
[理工] 105清大演算法 - 看板 Grad-ProbAsk - 批踢踢實業坊,TEPLUN,: 從中間切 之所以可以直接算u1v2+u2v1是因為權重相同可以加, 02/04 17:46
[理工] 105清大演算法 - 看板 Grad-ProbAsk - 批踢踢實業坊,TEPLUN,: 起來再位移, 02/04 17:46
[理工] 107 中央OS - 看板 Grad-ProbAsk - 批踢踢實業坊,TEPLUN,: 重點是這題題目問動態記憶體配置需要哪些技術支援 但解答, 02/01 00:27
[理工] 107 中央OS - 看板 Grad-ProbAsk - 批踢踢實業坊,TEPLUN,: 的解釋是哪些技術需要動態記憶體配置..., 02/01 00:27
[理工] 線代 minimal solution問 - 看板 Grad-ProbAsk - 批踢踢實業坊,TEPLUN,: 因為你第一句就錯了 形成直和的空間不會唯一 比如取span(1, 01/26 21:07
[理工] 線代 minimal solution問 - 看板 Grad-ProbAsk - 批踢踢實業坊,TEPLUN,": ,1) 或span(1,0)都跟span(0,1)形成直和 所以沒辦法直接那", 01/26 21:07
[理工] 線代 minimal solution問 - 看板 Grad-ProbAsk - 批踢踢實業坊,TEPLUN,: 樣扣, 01/26 21:07
[心得] 108統研所考試心得 - 看板 graduate - 批踢踢實業坊,TEPLUN,: 跪..., 36.224.106.197 03/26 08:38
[心得] 跨考資工心得 - 看板 graduate - 批踢踢實業坊,TEPLUN,: 北科>大葉>台大>清交,   114.36.2.193 03/23 17:59
[心得] 108資工所x考試x心得 - 看板 graduate - 批踢踢實業坊,TEPLUN,: 就你在暗黑,114.36.2.193 03/23 21:45
[心得] 108資工所重考心得+補習分享+一些資源 - 看板 graduate - 批踢踢實業坊,TEPLUN,: 大碩品質 以卵擊石,114.36.2.193 03/23 09:14
[心得] 108資工所重考心得+補習分享+一些資源 - 看板 graduate - 批踢踢實業坊,TEPLUN,: 要,114.36.2.193 03/24 23:38
[心得] 108資工所重考心得+補習分享+一些資源 - 看板 graduate - 批踢踢實業坊,TEPLUN,: 爆,   114.36.2.193 03/24 23:39
[心得] 108資工所重考心得+補習分享+一些資源 - 看板 graduate - 批踢踢實業坊,TEPLUN,: 炸,   114.36.2.193 03/24 23:40
[心得] 108資工所重考心得+補習分享+一些資源 - 看板 graduate - 批踢踢實業坊,TEPLUN,: 了,   114.36.2.193 03/24 23:40
[理工] 線代 線性映射 - 看板 Grad-ProbAsk - 批踢踢實業坊,TEPLUN,: 這個不會今年不用考了..., 01/11 08:10
[理工] 離散 加法單位元素 - 看板 Grad-ProbAsk - 批踢踢實業坊,TEPLUN,: 體是環 乘法對zero有分配性造成zero乘任何元素都要是zero, 01/06 20:54
[理工] 104 中央 線代 - 看板 Grad-ProbAsk - 批踢踢實業坊,TEPLUN,: 考中央如果題目直接寫反矩陣就是教授假設他可逆 中央的題, 01/03 08:02
[理工] 104 中央 線代 - 看板 Grad-ProbAsk - 批踢踢實業坊,TEPLUN,: 目其實都滿不嚴謹的, 01/03 08:02
[理工] 線代 向量空間 - 看板 Grad-ProbAsk - 批踢踢實業坊,TEPLUN,: 這題目超白癡啊xd 你拿同一個向量一直乘k倍一定相依 跟空, 01/03 07:55
[理工] 線代 向量空間 - 看板 Grad-ProbAsk - 批踢踢實業坊,TEPLUN,: 間維度有啥屁關係, 01/03 07:55
[理工] 矩陣乘法次數 - 看板 Grad-ProbAsk - 批踢踢實業坊,TEPLUN,: 不太懂為什麼可以這樣拆欸 大大畫的那張圖剛好最右是1*1, 12/24 00:26
[理工] 矩陣乘法次數 - 看板 Grad-ProbAsk - 批踢踢實業坊,TEPLUN,:  是純量可以直接提出來 如果是d*d呢？而且這樣比較像divid, 12/24 00:26
[理工] 矩陣乘法次數 - 看板 Grad-ProbAsk - 批踢踢實業坊,TEPLUN,: e and conquer?, 12/24 00:26
[理工] 矩陣乘法次數 - 看板 Grad-ProbAsk - 批踢踢實業坊,TEPLUN,: greedy應該是像是 從矩陣左邊開始往右掃 依某種條件比如遇, 12/24 00:31
[理工] 矩陣乘法次數 - 看板 Grad-ProbAsk - 批踢踢實業坊,TEPLUN,: 到1*1或1*d這種能縮減乘法次數的矩陣就做紀錄 最後直接得, 12/24 00:31
[理工] 矩陣乘法次數 - 看板 Grad-ProbAsk - 批踢踢實業坊,TEPLUN,: 出這個矩陣乘法的最佳解？, 12/24 00:31
[理工] 矩陣乘法次數 - 看板 Grad-ProbAsk - 批踢踢實業坊,TEPLUN,: 我也有這樣想過 不過這樣每次掃都要都要花O(n)的時間來找, 12/24 11:10
[理工] 矩陣乘法次數 - 看板 Grad-ProbAsk - 批踢踢實業坊,TEPLUN,: 出有1的矩陣項, 12/24 11:10
[理工] 計組virtual addresses和VPN的關聯? - 看板 Grad-ProbAsk - 批踢踢實業坊,TEPLUN,: vpn就是完全還沒切過的byte address 看一個page大小是2的, 12/24 15:32
[理工] 計組virtual addresses和VPN的關聯? - 看板 Grad-ProbAsk - 批踢踢實業坊,TEPLUN,: 幾次方個byte右邊就切幾個bit 切完左邊就是VPN 前面有一張, 12/24 15:32
[理工] 計組virtual addresses和VPN的關聯? - 看板 Grad-ProbAsk - 批踢踢實業坊,TEPLUN,: virtual address轉physical address的圖你可以看看, 12/24 15:32
[理工] 計組virtual addresses和VPN的關聯? - 看板 Grad-ProbAsk - 批踢踢實業坊,TEPLUN,: 抱歉打錯 第一句改成virtual address, 12/24 15:34
[理工] 黃子嘉_線代_定義0-5和例3 - 看板 Grad-ProbAsk - 批踢踢實業坊,TEPLUN,: 比如S=(A1 U A2) 若x屬於S 他只要屬於A1或A2即可 for some, 12/18 23:39
[理工] 黃子嘉_線代_定義0-5和例3 - 看板 Grad-ProbAsk - 批踢踢實業坊,TEPLUN,: 是說有一個i 讓x在Ai中 如果你取一個x只在A1不在A2 顯然, 12/18 23:39
[理工] 黃子嘉_線代_定義0-5和例3 - 看板 Grad-ProbAsk - 批踢踢實業坊,TEPLUN,: 用for all是錯的 因為他不會屬於A2 但如果是交集x一定要, 12/18 23:39
[理工] 黃子嘉_線代_定義0-5和例3 - 看板 Grad-ProbAsk - 批踢踢實業坊,TEPLUN,: 屬於每一個Ai, 12/18 23:39
[理工] 黃子嘉_線代_定義0-5和例3 - 看板 Grad-ProbAsk - 批踢踢實業坊,TEPLUN,: 例三只是對上面定義2做詮釋 這些集合每個都代表一段區間, 12/18 23:43
[理工] 黃子嘉_線代_定義0-5和例3 - 看板 Grad-ProbAsk - 批踢踢實業坊,TEPLUN,:  顯然根據定義除了0 你隨便找一個數x 一定可以找一個更小, 12/18 23:43
[理工] 黃子嘉_線代_定義0-5和例3 - 看板 Grad-ProbAsk - 批踢踢實業坊,TEPLUN,: 的區間讓x不在其中, 12/18 23:43
[理工] 100交大資演 - 看板 Grad-ProbAsk - 批踢踢實業坊,TEPLUN,: 哪裡矛盾？, 12/16 21:42
[理工] 100交大資演 - 看板 Grad-ProbAsk - 批踢踢實業坊,TEPLUN,: 請問原因是？如果設定成n(1+e/2) 找出來若為true 必定是, 12/17 10:59
[理工] 100交大資演 - 看板 Grad-ProbAsk - 批踢踢實業坊,TEPLUN,: 長度為n的cycle吧？, 12/17 10:59
[理工] 計組上冊465！ - 看板 Grad-ProbAsk - 批踢踢實業坊,TEPLUN,: Ex to 2nd只需stall 1 cycle, 12/06 23:18
[理工] 計組上冊466（5）！ - 看板 Grad-ProbAsk - 批踢踢實業坊,TEPLUN,: forwarding總共4條 第一條ALU-ALU就是從Mem stage送到Ex s, 12/06 23:32
[理工] 計組上冊466（5）！ - 看板 Grad-ProbAsk - 批踢踢實業坊,TEPLUN,: tage之所以叫ALU-ALU是因為把上一階段從ALU計算得到的結果, 12/06 23:32
[理工] 計組上冊466（5）！ - 看板 Grad-ProbAsk - 批踢踢實業坊,TEPLUN,: 拿去給下個時脈的ALU使用 再來第二條是WB到Ex 第三第四條, 12/06 23:32
[理工] 計組上冊466（5）！ - 看板 Grad-ProbAsk - 批踢踢實業坊,TEPLUN,: 課本上沒有 張凡有畫 一條是R type接beq 從Ex/Mem出來後送, 12/06 23:32
[理工] 計組上冊466（5）！ - 看板 Grad-ProbAsk - 批踢踢實業坊,TEPLUN,: 到ID 另一條是lw接sw 從WB送到Mem的write data 這條也可以, 12/06 23:32
[理工] 計組上冊466（5）！ - 看板 Grad-ProbAsk - 批踢踢實業坊,TEPLUN,: 用來救add接sw, 12/06 23:32
[理工] 計組上冊466（5）！ - 看板 Grad-ProbAsk - 批踢踢實業坊,TEPLUN,: 然後之前去問過張凡 題目的Mem to Ex是錯的應該改成no…WB, 12/06 23:56
[理工] 計組上冊466（5）！ - 看板 Grad-ProbAsk - 批踢踢實業坊,TEPLUN,:  to Ex, 12/06 23:56
資結 時間複雜度 - 看板 Grad-ProbAsk - 批踢踢實業坊,TEPLUN,: 中序搜尋遇到leaf再印, 12/06 18:07
[理工] 演算法 P.36 45題 - 看板 Grad-ProbAsk - 批踢踢實業坊,TEPLUN,: 這題你可以去看第三章的矩陣乘法問題, 12/07 00:48
[理工] 線代 第八章證明問題 - 看板 Grad-ProbAsk - 批踢踢實業坊,TEPLUN,: 這個定理是雙向 所以複數系中二次式實數就會是Hamiltonian, 12/09 00:35
[理工] 線代 第八章證明問題 - 看板 Grad-ProbAsk - 批踢踢實業坊,TEPLUN,:  matrix 正定二次式大於0一定是實數 所以保證Hamiltonian, 12/09 00:35
[理工] 線代 第八章證明問題 - 看板 Grad-ProbAsk - 批踢踢實業坊,TEPLUN,: 還有 複數不可比較, 12/09 00:37
[理工] 台大101資演 - 看板 Grad-ProbAsk - 批踢踢實業坊,TEPLUN,: 題組負負得正你覺得有可能嗎...當然選錯的啊！快考試了不, 12/04 10:25
[理工] 台大101資演 - 看板 Grad-ProbAsk - 批踢踢實業坊,TEPLUN,: 要鑽牛角尖, 12/04 10:26
[理工] 計組 上冊 P.76 - 看板 Grad-ProbAsk - 批踢踢實業坊,TEPLUN,: 你沒貼題目不知道怎麼設定的 不過那兩個指令根本不一樣..., 12/04 10:34
[理工] 計組 上冊 P.76 - 看板 Grad-ProbAsk - 批踢踢實業坊,TEPLUN,: Data那邊你說的沒錯,12/04 10:34
[理工] 計組 上冊 P.76 - 看板 Grad-ProbAsk - 批踢踢實業坊,TEPLUN,: 第一句沒打完 主要來是看暫存器跟位址大小決定指令長度, 12/04 10:36
[理工] 計組 上冊 P.76 - 看板 Grad-ProbAsk - 批踢踢實業坊,TEPLUN,:  不是有人是4全世界都要是4...,12/04 10:36
[理工] 計組 上冊 P.76 - 看板 Grad-ProbAsk - 批踢踢實業坊,TEPLUN,: add 8bit 3個暫存器一個4bit 共20bit 因為指令長度以byte, 12/04 12:18
[理工] 計組 上冊 P.76 - 看板 Grad-ProbAsk - 批踢踢實業坊,TEPLUN,: 為單位 所以20bit用24bit存是3byte, 12/04 12:18
[理工] 線性代數 子嘉4-84頁範例11 - 看板 Grad-ProbAsk - 批踢踢實業坊,TEPLUN,: 直觀一點的說法就是他只是把定義域縮小但是原理跟, 12/05 00:03
[理工] 線性代數 子嘉4-84頁範例11 - 看板 Grad-ProbAsk - 批踢踢實業坊,TEPLUN,: sylvester第一定理是一樣的 取W^Ker(T)的向量 這些向量, 12/05 00:04
[理工] 線性代數 子嘉4-84頁範例11 - 看板 Grad-ProbAsk - 批踢踢實業坊,TEPLUN,: 就是在W的世界中送到T(W)也就是W的值域, 12/05 00:06
[理工] 線性代數 子嘉4-84頁範例11 - 看板 Grad-ProbAsk - 批踢踢實業坊,TEPLUN,: 舉個例子 三維空間中 取投影在xy平面的算子 則xy平面為, 12/05 00:07
[理工] 線性代數 子嘉4-84頁範例11 - 看板 Grad-ProbAsk - 批踢踢實業坊,TEPLUN,: 值域 z軸是Ker(P) 任意取一個包含Z軸的平面 他投影在xy平, 12/05 00:14
[理工] 線性代數 子嘉4-84頁範例11 - 看板 Grad-ProbAsk - 批踢踢實業坊,TEPLUN,: 面的投影會是一條直線 考慮這條直線跟z軸其實都只是從二維, 12/05 00:15
[理工] 線性代數 子嘉4-84頁範例11 - 看板 Grad-ProbAsk - 批踢踢實業坊,TEPLUN,: 的平面投影到xy平面而已, 12/05 00:17
[理工] 台大線代 - 看板 Grad-ProbAsk - 批踢踢實業坊,TEPLUN,: 請問一下D要怎麼證？, 12/07 00:49
[理工] 台大線代 - 看板 Grad-ProbAsk - 批踢踢實業坊,TEPLUN,: 哦哦哦哦哦 還可以這樣搞 感恩, 12/07 11:08
[理工] 演算法 maximum flow問題 - 看板 Grad-ProbAsk - 批踢踢實業坊,TEPLUN,: 既然你知道他不可能是最大流量 換句話說在任何capacity下, 12/01 21:24
[理工] 演算法 maximum flow問題 - 看板 Grad-ProbAsk - 批踢踢實業坊,TEPLUN,: 這都不會是最大流量 所以題目問有沒有一種capacity的分配, 12/01 21:24
[理工] 演算法 maximum flow問題 - 看板 Grad-ProbAsk - 批踢踢實業坊,TEPLUN,: 方式讓這是他的最大流量 顯然沒有, 12/01 21:24
[理工] 102中央資演 - 看板 Grad-ProbAsk - 批踢踢實業坊,TEPLUN,": 假設加入的是(u,v) 必定行成cycle 先不考慮此邊 對原圖的M", 12/03 02:26
[理工] 102中央資演 - 看板 Grad-ProbAsk - 批踢踢實業坊,TEPLUN,: ST從u開始做bfs 紀錄u到v在MST的路徑上最大的邊 若最大邊, 12/03 02:26
[理工] 102中央資演 - 看板 Grad-ProbAsk - 批踢踢實業坊,TEPLUN,": 權重比w(u,v)大 就替換 否則維持原樣", 12/03 02:26
[理工] 102中央資演 - 看板 Grad-ProbAsk - 批踢踢實業坊,TEPLUN,: 加入那個邊一定行成cycle 這個cycle任意去掉一邊還是聯通, 12/03 18:48
[理工] 102中央資演 - 看板 Grad-ProbAsk - 批踢踢實業坊,TEPLUN,: 圖, 12/03 18:48
[理工] 演算法 DFS問題 - 看板 Grad-ProbAsk - 批踢踢實業坊,TEPLUN,: 拓墣不考慮權重 順序不同最後答案也會一樣 因為你會有順, 12/03 02:29
[理工] 演算法 DFS問題 - 看板 Grad-ProbAsk - 批踢踢實業坊,TEPLUN,: 序不一樣的情形其實是他們之間沒有可比性 所以relax不會影, 12/03 02:29
[理工] 演算法 DFS問題 - 看板 Grad-ProbAsk - 批踢踢實業坊,TEPLUN,: 響彼此, 12/03 02:29
[理工] 演算法Graph  選項中的英文看不懂QQ - 看板 Grad-ProbAsk - 批踢踢實業坊,TEPLUN,: 這是英文的問題...逗號只是把for every…從後面拿到前面, 11/30 01:03
[理工] 中正資結 - 看板 Grad-ProbAsk - 批踢踢實業坊,TEPLUN,: 456749是32bit的答案吧 如果是24bits 是456759？, 11/27 12:29
[理工] 離散 同構問題 - 看板 Grad-ProbAsk - 批踢踢實業坊,TEPLUN,: 當作玩摺紙 捏著一個點拉起來攤開看看他們會不會一樣, 11/27 12:20
[理工] 中正 離散 107 - 看板 Grad-ProbAsk - 批踢踢實業坊,TEPLUN,: for all x 只要在這班上就通過考試 前提是要在班上 你用且,11/27 12:19
[理工] 中正 離散 107 - 看板 Grad-ProbAsk - 批踢踢實業坊,TEPLUN,: 的話 代表所有學生（或者解讀成全校學生）都在班上 而且,11/27 12:19
[理工] 中正 離散 107 - 看板 Grad-ProbAsk - 批踢踢實業坊,TEPLUN,: 都通過考試,11/27 12:19
[請益] 大碩資工所一些問題 - 看板 graduate - 批踢踢實業坊,TEPLUN,: 數學正課推黃子嘉 這輩子沒親自上過子嘉,118.167.130.133 03/10 17:22
[請益] 大碩資工所一些問題 - 看板 graduate - 批踢踢實業坊,TEPLUN,: 面授都覺得有點遺憾 我題庫上林緯其實講,118.167.130.133 03/10 17:22
[請益] 大碩資工所一些問題 - 看板 graduate - 批踢踢實業坊,TEPLUN,: 的也不錯 正課如何不知 但黃子嘉是講完觀,118.167.130.133 03/10 17:22
[請益] 大碩資工所一些問題 - 看板 graduate - 批踢踢實業坊,TEPLUN,: 念直接幫你印在腦子裡...,118.167.130.133 03/10 17:22
[請益] 大碩資工所一些問題 - 看板 graduate - 批踢踢實業坊,TEPLUN,: 筆記還是自己抄吧 一邊抄一邊消化 寫過一,118.167.130.133 03/10 17:26
[請益] 大碩資工所一些問題 - 看板 graduate - 批踢踢實業坊,TEPLUN,: 遍就是你的 數位時間不太會不夠 不過張凡,118.167.130.133 03/10 17:26
[請益] 大碩資工所一些問題 - 看板 graduate - 批踢踢實業坊,TEPLUN,: 建議正課 老師每次下課跟地藏王菩薩一樣固,118.167.130.133 03/10 17:27
[請益] 大碩資工所一些問題 - 看板 graduate - 批踢踢實業坊,TEPLUN,: 定坐在前面普渡眾生 洪逸正課應該比較好,118.167.130.133 03/10 17:27
[請益] 大碩資工所一些問題 - 看板 graduate - 批踢踢實業坊,TEPLUN,:  聽補tkb的說資演Os有些漏講 有些亂講,118.167.130.133 03/10 17:28
[請益] 大碩資工所一些問題 - 看板 graduate - 批踢踢實業坊,TEPLUN,: 版友抄的筆記就是老師板書吧 洪逸板書必抄,118.167.130.133 03/10 17:41
[請益] 大碩資工所一些問題 - 看板 graduate - 批踢踢實業坊,TEPLUN,: 不然就沒東西可以看了...os跟資結洪逸自己,118.167.130.133 03/10 17:43
[請益] 大碩資工所一些問題 - 看板 graduate - 批踢踢實業坊,TEPLUN,: 都說那是垃圾 可想而知 呼籲要買書的別買,118.167.130.133 03/10 17:43
線代 子嘉p5-64 特徵根 - 看板 Grad-ProbAsk - 批踢踢實業坊,TEPLUN,: 不是把對角項當特徵根 只是對角項和等於特徵根和 請看上, 11/12 13:20
線代 子嘉p5-64 特徵根 - 看板 Grad-ProbAsk - 批踢踢實業坊,TEPLUN,: 面證明, 11/12 13:20
線代 子嘉p6-74 p6-90 - 看板 Grad-ProbAsk - 批踢踢實業坊,TEPLUN,: 泰勒展開的公式不管是什麼函數都有階乘吧 這邊我覺得是書, 11/12 15:57
線代 子嘉p6-74 p6-90 - 看板 Grad-ProbAsk - 批踢踢實業坊,TEPLUN,: 寫錯了, 11/12 15:57
[理工]計組 Data Hazard - 看板 Grad-ProbAsk - 批踢踢實業坊,TEPLUN,: R tpye接beq也要hazard detection unit偵測做stall 因為be, 11/14 12:37
[理工]計組 Data Hazard - 看板 Grad-ProbAsk - 批踢踢實業坊,TEPLUN,: q在第二階段決定要不要跳 等前面ori算出來 beq也用錯的暫, 11/14 12:37
[理工]計組 Data Hazard - 看板 Grad-ProbAsk - 批踢踢實業坊,TEPLUN,: 存器比較出結果了 但是那個結果沒辦法forward到Id階段給be, 11/14 12:37
[理工]計組 Data Hazard - 看板 Grad-ProbAsk - 批踢踢實業坊,TEPLUN,: q 也就是說即使stall了 下一cycle ori跑到mem beq在Id仍然, 11/14 12:37
[理工]計組 Data Hazard - 看板 Grad-ProbAsk - 批踢踢實業坊,TEPLUN,: 無法取得ori運算的結果（如果有forwarding 他要畫一條從Ex, 11/14 12:37
[理工]計組 Data Hazard - 看板 Grad-ProbAsk - 批踢踢實業坊,TEPLUN,: /Mem到ID階段那個給beq用的比較器的datapath), 11/14 12:37
[理工]計組 Data Hazard - 看板 Grad-ProbAsk - 批踢踢實業坊,TEPLUN,: D&O為什麼要 等高手解答..., 11/14 12:38
Re: [理工] 計組 張凡（下）P.220 RAID - 看板 Grad-ProbAsk - 批踢踢實業坊,TEPLUN,: 這題我去問過張凡他說這題算法是錯的, 11/08 14:53
[理工] OS 處理中斷的問題 - 看板 Grad-ProbAsk - 批踢踢實業坊,TEPLUN,: 中斷向量表是硬體 把內容直接燒在板子上了, 11/11 15:29
[理工] 線代 生成裁減 - 看板 Grad-ProbAsk - 批踢踢實業坊,TEPLUN,": 主要是基底沒span前不過是一般的集合 比如R3 取(1,1,0)(1,", 11/04 20:19
[理工] 線代 生成裁減 - 看板 Grad-ProbAsk - 批踢踢實業坊,TEPLUN,": 1,1)(0,0,1)為基底W為span(0,1,0) 不論去掉哪個向量都不", 11/04 20:19
[理工] 線代 生成裁減 - 看板 Grad-ProbAsk - 批踢踢實業坊,TEPLUN,: 能成為W的基底, 11/04 20:19
[理工] 線代 103台聯大電機 對稱矩陣rank - 看板 Grad-ProbAsk - 批踢踢實業坊,TEPLUN,:  https://i.imgur.com/A4pXdWy.jpg, 11/06 22:32
[理工] 線代 103台聯大電機 對稱矩陣rank - 看板 Grad-ProbAsk - 批踢踢實業坊,TEPLUN,: 補上3.4 5只保證B是正交, 11/06 22:33
[理工] 離散 生成函數 - 看板 Grad-ProbAsk - 批踢踢實業坊,TEPLUN,: 可以去看一下生成函數是怎麼來的 應該在第四章第一節？其, 11/04 02:10
[理工] 離散 生成函數 - 看板 Grad-ProbAsk - 批踢踢實業坊,TEPLUN,: 實就只是用指數跟係數來累計方法數 從這樣的角度顯然不需, 11/04 02:10
[理工] 離散 生成函數 - 看板 Grad-ProbAsk - 批踢踢實業坊,TEPLUN,: 要排列 概念有點類似二項式定理, 11/04 02:10
[理工] 演算法幾題 - 看板 Grad-ProbAsk - 批踢踢實業坊,TEPLUN,: 所以那個arc是指單方向邊的意思嗎 瞭解了謝謝, 10/26 21:48
[理工] 演算法程式碼問題 - 看板 Grad-ProbAsk - 批踢踢實業坊,TEPLUN,: 原來是這樣 其實一開始想問的是為什麼陣列後面要寫.v .wei, 10/24 01:17
[理工] 演算法程式碼問題 - 看板 Grad-ProbAsk - 批踢踢實業坊,TEPLUN,: ght 想說他是不是裡面存的結構沒宣告要腦補 結果字打一打, 10/24 01:17
[理工] 演算法程式碼問題 - 看板 Grad-ProbAsk - 批踢踢實業坊,TEPLUN,: 圖看一看發現原來在第一行就宣告了==就剩這個不太影響答, 10/24 01:17
[理工] 演算法程式碼問題 - 看板 Grad-ProbAsk - 批踢踢實業坊,TEPLUN,: 案的問題 總之謝謝大大, 10/24 01:17
[理工] 離散 遞迴邊界 - 看板 Grad-ProbAsk - 批踢踢實業坊,TEPLUN,: 對耶 那另外想請問, 10/18 20:46
[理工] 離散 遞迴邊界 - 看板 Grad-ProbAsk - 批踢踢實業坊,TEPLUN,:  https://i.imgur.com/jyxFnUa.jpg, 10/18 20:47
[理工] 離散 遞迴邊界 - 看板 Grad-ProbAsk - 批踢踢實業坊,TEPLUN,: n=3的時候 遞迴式不同 可以把b3帶進去是因為b4用到b3 b2 b, 10/18 20:49
[理工] 離散 遞迴邊界 - 看板 Grad-ProbAsk - 批踢踢實業坊,TEPLUN,: 1嗎, 10/18 20:49
[理工] 離散 遞迴邊界 - 看板 Grad-ProbAsk - 批踢踢實業坊,TEPLUN,: 了解 謝謝, 10/19 01:30
[理工] 離散圖論 漢米爾頓環路 - 看板 Grad-ProbAsk - 批踢踢實業坊,TEPLUN,: 跟題目已知矛盾啊, 10/14 08:10
[理工] 離散圖論 - 看板 Grad-ProbAsk - 批踢踢實業坊,TEPLUN,: 因為覺得rank這件事本身應該就要分出個所以然才覺得怪xd, 10/16 14:40
[閒聊] 電機丙88888 - 看板 graduate - 批踢踢實業坊,TEPLUN,: 要站在道德制高點說教授有這樣出題的權利,220.136.17.252 02/22 14:36
[閒聊] 電機丙88888 - 看板 graduate - 批踢踢實業坊,TEPLUN,: 那當然通啊 但其意義在哪？加個以上皆非,220.136.17.252 02/22 14:36
[閒聊] 電機丙88888 - 看板 graduate - 批踢踢實業坊,TEPLUN,: 很難嗎？難道沒留空白就真的都是單純實力,220.136.17.252 02/22 14:37
[閒聊] 電機丙88888 - 看板 graduate - 批踢踢實業坊,TEPLUN,: 不足？如果今天選項有相對接近的答案有多,220.136.17.252 02/22 14:37
[閒聊] 電機丙88888 - 看板 graduate - 批踢踢實業坊,TEPLUN,: 少人會真的空白？如果這樣的做法可以接受,220.136.17.252 02/22 14:37
[閒聊] 電機丙88888 - 看板 graduate - 批踢踢實業坊,TEPLUN,:  在題目沒說明的前提下 要是今天有一半的,220.136.17.252 02/22 14:37
[閒聊] 電機丙88888 - 看板 graduate - 批踢踢實業坊,TEPLUN,: 題目都是沒答案 問問你自己會不會真的空,220.136.17.252 02/22 14:37
[閒聊] 電機丙88888 - 看板 graduate - 批踢踢實業坊,TEPLUN,: 白吧,220.136.17.252 02/22 14:37
[理工] 直和的觀念問題（4題） - 看板 Grad-ProbAsk - 批踢踢實業坊,TEPLUN,: 1.2沒問題 問題是3 ker中含x不為0不代表x也會在Image中,09/21 14:48
[理工] 直和的觀念問題（4題） - 看板 Grad-ProbAsk - 批踢踢實業坊,TEPLUN,:  比如xy平面跟z軸形成R3 他們的交點仍然只有0, 09/21 14:48
[理工] 直和的觀念問題（4題） - 看板 Grad-ProbAsk - 批踢踢實業坊,TEPLUN,: 應該說 不論何時要證明V為ker(T)跟Im（T)之直和 只需證兩, 09/21 16:00
[理工] 直和的觀念問題（4題） - 看板 Grad-ProbAsk - 批踢踢實業坊,TEPLUN,: 者之一 但如果是其他空間的直和並不會有這樣的性質, 09/21 16:00
[理工] 演算法TSP問題 - 看板 Grad-ProbAsk - 批踢踢實業坊,TEPLUN,: 感謝回答 我又回去看了一下定義 本來以為reduce是要兩邊, 09/24 23:27
[理工] 演算法TSP問題 - 看板 Grad-ProbAsk - 批踢踢實業坊,TEPLUN,: 都可以互相用演算法解 但應該實際上應該是單向關係, 09/24 23:27
[理工] 演算法TSP問題 - 看板 Grad-ProbAsk - 批踢踢實業坊,TEPLUN,: 應該說reduce本身是單向的 但是證明reduce是證明對於「任, 09/25 10:55
[理工] 演算法TSP問題 - 看板 Grad-ProbAsk - 批踢踢實業坊,TEPLUN,: 何」A問題的instance可以轉換成一個B問題 兩個問題的轉換, 09/25 10:55
[理工] 演算法TSP問題 - 看板 Grad-ProbAsk - 批踢踢實業坊,TEPLUN,: 是雙向 我本來以為也要對於任何B問題的instance也成立才, 09/25 10:55
[理工] 演算法TSP問題 - 看板 Grad-ProbAsk - 批踢踢實業坊,TEPLUN,: 行qq, 09/25 10:55
[理工] 離散數學 9-41 範例2 - 看板 Grad-ProbAsk - 批踢踢實業坊,TEPLUN,": 假設卡氏積乘三次 比如（1,0,0) 可以唯一找到(0,1,1)這兩", 09/14 09:48
[理工] 離散數學 9-41 範例2 - 看板 Grad-ProbAsk - 批踢踢實業坊,TEPLUN,": 個和為（1,1,1)   而（0,1,0）可以唯一找到（1,0,1)使之和", 09/14 09:48
[理工] 離散數學 9-41 範例2 - 看板 Grad-ProbAsk - 批踢踢實業坊,TEPLUN,": 為（1,1,1)  事實上除了（0,0,0)跟(1,1,1) 剩下的元素只要", 09/14 09:48
[理工] 離散數學 9-41 範例2 - 看板 Grad-ProbAsk - 批踢踢實業坊,TEPLUN,": 各項不全為1或0都能找到配對  讓兩兩之和為（1,1,1) 另外", 09/14 09:48
[理工] 離散數學 9-41 範例2 - 看板 Grad-ProbAsk - 批踢踢實業坊,TEPLUN,": 除了（0,0,0)跟(1,1,1)以外剩下2^n-2個元素先兩兩相加 會", 09/14 09:48
[理工] 離散數學 9-41 範例2 - 看板 Grad-ProbAsk - 批踢踢實業坊,TEPLUN,": 加出2^(n-1)-1個（1,1,1,...,1)因為是作用在Z2上1+1=0", 09/14 09:48
[理工] 離散數學 9-41 範例2 - 看板 Grad-ProbAsk - 批踢踢實業坊,TEPLUN,":   所以這奇數個東西加起來還是(1,1,1,...,1) 再拿來跟剩下", 09/14 09:48
[理工] 離散數學 9-41 範例2 - 看板 Grad-ProbAsk - 批踢踢實業坊,TEPLUN,": 的（1,1,1,1,..,1)相加 就是全為零", 09/14 09:48
[理工] 線代 正規方程式觀念疑問 - 看板 Grad-ProbAsk - 批踢踢實業坊,TEPLUN,: 沒那麼複雜 用虛反矩陣是可以解沒錯 但這兩題都沒有必要, 09/18 22:42
[理工] 線代 正規方程式觀念疑問 - 看板 Grad-ProbAsk - 批踢踢實業坊,TEPLUN,: 用, 09/18 22:42
[理工] 線代 正規方程式觀念疑問 - 看板 Grad-ProbAsk - 批踢踢實業坊,TEPLUN,: 應該回去看看正規方程式是怎麼來的 其實就是找b在A行空間, 09/18 22:45
[理工] 線代 正規方程式觀念疑問 - 看板 Grad-ProbAsk - 批踢踢實業坊,TEPLUN,: 的投影向量 讓兩向量距離最小, 09/18 22:45
[理工] 線代 正規方程式觀念疑問 - 看板 Grad-ProbAsk - 批踢踢實業坊,TEPLUN,: 那麼為什麼會有無限多解的情況？如果今天A不行獨立 代表這, 09/18 22:50
[理工] 線代 正規方程式觀念疑問 - 看板 Grad-ProbAsk - 批踢踢實業坊,TEPLUN,: 樣子的線性轉換不是一對一 那就會是多對一 也就是會有許多, 09/18 22:50
[理工] 線代 正規方程式觀念疑問 - 看板 Grad-ProbAsk - 批踢踢實業坊,TEPLUN,: x向量經過轉換對到b這個向量, 09/18 22:50
[理工] 線代 正規方程式觀念疑問 - 看板 Grad-ProbAsk - 批踢踢實業坊,TEPLUN,: 對了 無限多組解跟有解並不矛盾, 09/18 22:57
[理工] 線代 正規方程式觀念疑問 - 看板 Grad-ProbAsk - 批踢踢實業坊,TEPLUN,: 或許你可以想成 一定找得到b在A行空間的投影 所以這樣的, 09/18 23:00
[理工] 線代 正規方程式觀念疑問 - 看板 Grad-ProbAsk - 批踢踢實業坊,TEPLUN,: 解一定存在, 09/18 23:00
[理工] Sleeping Barber's Problem - 看板 Grad-ProbAsk - 批踢踢實業坊,TEPLUN,: 對耶 感謝, 09/11 17:11
[理工] C.S. design - 看板 Grad-ProbAsk - 批踢踢實業坊,TEPLUN,: 回去翻了一下恐龍 好像也沒看到在wait()上面又在包一層tes, 09/12 09:20
[理工] C.S. design - 看板 Grad-ProbAsk - 批踢踢實業坊,TEPLUN,: t and set做entry的寫法, 09/12 09:20
[理工] 線代 wronskian - 看板 Grad-ProbAsk - 批踢踢實業坊,TEPLUN,: 他應該再加上一句 但找到x使得W(x)不為0 跟導出對於所有x, 09/07 13:21
[理工] 線代 wronskian - 看板 Grad-ProbAsk - 批踢踢實業坊,TEPLUN,:  W(x)=0矛盾 比較清楚, 09/07 13:21
[理工] 離散5-54 - 看板 Grad-ProbAsk - 批踢踢實業坊,TEPLUN,: 隨便舉例 比如7在二進位等於111  b2b1b0 那個2就是最高位, 09/07 13:12
[理工] 離散5-54 - 看板 Grad-ProbAsk - 批踢踢實業坊,TEPLUN,: 也就是你令的k-1, 09/07 13:12
[理工] 線性代數—線性獨立 - 看板 Grad-ProbAsk - 批踢踢實業坊,TEPLUN,: 可逆等價於Ax=0只有零解 在第一章可逆的充要條件, 08/30 10:06
[理工] 線性代數 黃子嘉題庫8-39題 - 看板 Grad-ProbAsk - 批踢踢實業坊,TEPLUN,: 矩陣多項式滿足交換律 好像在第一章可逆矩陣那的最後一頁, 09/03 07:41
線代  對角矩陣與對稱矩陣 - 看板 Grad-ProbAsk - 批踢踢實業坊,TEPLUN,: 對角都是對稱 不等價於對稱都是對角...所以對角是對稱的子, 09/03 18:04
線代  對角矩陣與對稱矩陣 - 看板 Grad-ProbAsk - 批踢踢實業坊,TEPLUN,: 集, 09/03 18:04
[理工] 6-6 例44 證明方式 - 看板 Grad-ProbAsk - 批踢踢實業坊,TEPLUN,: 極小多項式整除f(x)沒錯 但你怎麼確定ma(x)是x(x-1) 假設,09/03 21:26
[理工] 6-6 例44 證明方式 - 看板 Grad-ProbAsk - 批踢踢實業坊,TEPLUN,: 今天A是單位矩陣 顯然ma(x)=x-1,09/03 21:26
離散2-35等價關係個數 - 看板 Grad-ProbAsk - 批踢踢實業坊,TEPLUN,: 你代的公式是求A上有幾種不同的等價關係 題目是說 今天R是, 08/25 12:12
離散2-35等價關係個數 - 看板 Grad-ProbAsk - 批踢踢實業坊,TEPLUN,: A的一個等價關係 他的元素個數r去減n是奇或偶, 08/25 12:12
離散2-35等價關係個數 - 看板 Grad-ProbAsk - 批踢踢實業坊,TEPLUN,: 隨便畫有向圖就會發現 因為等價關係有對稱性 不同點間若, 08/25 12:17
離散2-35等價關係個數 - 看板 Grad-ProbAsk - 批踢踢實業坊,TEPLUN,: 有邊相連一定有兩條 元素個數即邊數取決於點數數目 所以, 08/25 12:17
離散2-35等價關係個數 - 看板 Grad-ProbAsk - 批踢踢實業坊,TEPLUN,: 等價關係與點數必同為奇數或偶數, 08/25 12:17
離散2-35等價關係個數 - 看板 Grad-ProbAsk - 批踢踢實業坊,TEPLUN,: 忘了說 因為有反身性 所以R的元素個數取決於點數, 08/25 12:18
線代p.7-43三角形面積 - 看板 Grad-ProbAsk - 批踢踢實業坊,TEPLUN,: 這公式三維算體積 二維才能算面積, 08/26 23:13
[理工] 線代5-58 eigenvalue唯一嗎？ - 看板 Grad-ProbAsk - 批踢踢實業坊,TEPLUN,: 你算錯吧 矩陣表示法下基底不同也只是換一個相似的矩陣, 08/21 16:14
[理工] 線代5-58 eigenvalue唯一嗎？ - 看板 Grad-ProbAsk - 批踢踢實業坊,TEPLUN,:  相似矩陣特徵方程式相同, 08/21 16:14
理工 - 看板 Grad-ProbAsk - 批踢踢實業坊,TEPLUN,: 你說的好像沒錯 就是組成的數字只能不出現或出現奇數次, 08/22 18:52
理工 - 看板 Grad-ProbAsk - 批踢踢實業坊,TEPLUN,:  例如3=1+2 （O) 4=2+2 （X), 08/22 18:52
理工 - 看板 Grad-ProbAsk - 批踢踢實業坊,TEPLUN,: 生成函數的話拿2當例子 1代表不出現 x^2 代表出現一次 你, 08/22 18:55
理工 - 看板 Grad-ProbAsk - 批踢踢實業坊,TEPLUN,: 可以想成是一次用掉兩個1 2出現兩次就是一次用掉4個1所以, 08/22 18:55
理工 - 看板 Grad-ProbAsk - 批踢踢實業坊,TEPLUN,: 是x^4, 08/22 18:55
理工 - 看板 Grad-ProbAsk - 批踢踢實業坊,TEPLUN,: 要注意的是 這樣的想法並不適用於排列的題目 第五章你會, 08/22 18:57
理工 - 看板 Grad-ProbAsk - 批踢踢實業坊,TEPLUN,: 看到類似的問題沒辦法用生成函數去解, 08/22 18:57
理工 - 看板 Grad-ProbAsk - 批踢踢實業坊,TEPLUN,: 你原本的想法沒錯呀 這題就是4-2整數的分割, 08/24 19:54
理工 - 看板 Grad-ProbAsk - 批踢踢實業坊,TEPLUN,: 課本講的滿清楚的 可以翻一下, 08/24 19:57
[離散] 排列組合 - 看板 Grad-ProbAsk - 批踢踢實業坊,TEPLUN,": 第二個兩個數字不同應該改成C(5,3)", 08/17 20:28
[離散] 排列組合 - 看板 Grad-ProbAsk - 批踢踢實業坊,TEPLUN,:  https://i.imgur.com/ZN2dknX.jpg, 08/17 20:30
[離散] 排列組合 - 看板 Grad-ProbAsk - 批踢踢實業坊,TEPLUN,: 你算5！/3！ 等於剩下兩個視為不同 比如你依序取1.0 就有, 08/17 20:34
[離散] 排列組合 - 看板 Grad-ProbAsk - 批踢踢實業坊,TEPLUN,: 兩個情況都是99910 所以要馬後面改成5取3 或前面改成9取2, 08/17 20:34
[離散] 排列組合 - 看板 Grad-ProbAsk - 批踢踢實業坊,TEPLUN,:  前者比較直觀合乎邏輯 5個先選3個預定為9 剩下兩個位子再, 08/17 20:34
[離散] 排列組合 - 看板 Grad-ProbAsk - 批踢踢實業坊,TEPLUN,: 排列, 08/17 20:34
[理工] 線代 子空間必要條件 - 看板 Grad-ProbAsk - 批踢踢實業坊,TEPLUN,: 必要條件跟充分條件不一樣, 08/19 13:01
[閒聊] 即將一連串的考試了 大家在想什麼？ - 看板 graduate - 批踢踢實業坊,TEPLUN,: 到現在連kernel怎麼算都不會 是不是要加36,36.224.108.244 02/10 17:01
[閒聊] 即將一連串的考試了 大家在想什麼？ - 看板 graduate - 批踢踢實業坊,TEPLUN,: 5, 36.224.108.244 02/10 17:01
[理工] 離散數學 2-2基本關係 2-24 - 看板 Grad-ProbAsk - 批踢踢實業坊,TEPLUN,": 第一題a舉例（1,2)（2,1) 沒有遞移性 b,0沒反身性", 08/12 21:17
[理工] 離散數學 2-2基本關係 2-24 - 看板 Grad-ProbAsk - 批踢踢實業坊,TEPLUN,": 第三題舉例（1,2)(1,3) 互相有關係但兩者不相等", 08/12 21:20
線代 第五章求特徵根問題 - 看板 Grad-ProbAsk - 批踢踢實業坊,TEPLUN,: 上面那張圖是對”determinant”做行列式相加列運算 下面是, 08/14 01:26
線代 第五章求特徵根問題 - 看板 Grad-ProbAsk - 批踢踢實業坊,TEPLUN,: 對矩陣先做列運算 你想想看算det(A-xI)的時候 A-xI在做列, 08/14 01:26
線代 第五章求特徵根問題 - 看板 Grad-ProbAsk - 批踢踢實業坊,TEPLUN,: 運算的時候其實有考慮到x也就是eigenvalue 但你先對A做列, 08/14 01:26
線代 第五章求特徵根問題 - 看板 Grad-ProbAsk - 批踢踢實業坊,TEPLUN,: 運算是沒有連同x一起做運算的 所以當然結果也不同, 08/14 01:26
線代Jordan form應用 範例一 - 看板 Grad-ProbAsk - 批踢踢實業坊,TEPLUN,: 意思是D是微分算子 微n+1次必為0, 07/31 01:58
離散1-63 數學歸納法 - 看板 Grad-ProbAsk - 批踢踢實業坊,TEPLUN,: n=p+1時 子集可分為有p+1這個元素跟沒有p+1這個元素 前者, 07/31 01:54
離散1-63 數學歸納法 - 看板 Grad-ProbAsk - 批踢踢實業坊,TEPLUN,: 就是n=p的時候（倒數第二行的第一項, 07/31 01:54
離散1-63 數學歸納法 - 看板 Grad-ProbAsk - 批踢踢實業坊,TEPLUN,: 有p+1這個元素又可以分為自己一個集合 和跟別的元素一起構, 07/31 01:55
離散1-63 數學歸納法 - 看板 Grad-ProbAsk - 批踢踢實業坊,TEPLUN,: 成的集和 這兩個依序代表第二項跟第三項, 07/31 01:55
離散1-63 數學歸納法 - 看板 Grad-ProbAsk - 批踢踢實業坊,TEPLUN,: 是, 07/31 10:40
[理工] 離散 等價關係 - 看板 Grad-ProbAsk - 批踢踢實業坊,TEPLUN,: b其實用有向圖畫就很清楚 主要是遞移性不一定滿足 所以取, 07/31 18:36
[理工] 離散 等價關係 - 看板 Grad-ProbAsk - 批踢踢實業坊,TEPLUN,: 聯集要保持等價關係的方法就是取遞移包 c因為兩個都是等, 07/31 18:36
[理工] 離散 等價關係 - 看板 Grad-ProbAsk - 批踢踢實業坊,TEPLUN,": 價關係 都一定有反身性 所以交集必有（1,1)(2,2)...", 07/31 18:36
[理工] 離散 等價關係 - 看板 Grad-ProbAsk - 批踢踢實業坊,TEPLUN,:  https://i.imgur.com/jr0BaLQ.jpg, 08/01 09:34
[理工] 線代 不變子空間 - 看板 Grad-ProbAsk - 批踢踢實業坊,TEPLUN,: 那個Ax表面上沒辦法直接約分 其實兩個變數做加減還是有可, 08/05 01:12
[理工] 線代 不變子空間 - 看板 Grad-ProbAsk - 批踢踢實業坊,TEPLUN,: 能屬於W 他下面的算式不就驗證了這個道理 不過我寫這題的, 08/05 01:12
[理工] 線代 不變子空間 - 看板 Grad-ProbAsk - 批踢踢實業坊,TEPLUN,": 時候是直接假設W=span{(a,b)} 拿去乘A 變成4a-b/2a+b=a/b", 08/05 01:12
[理工] 線代 不變子空間 - 看板 Grad-ProbAsk - 批踢踢實業坊,TEPLUN,:  因式分解就得到答案了, 08/05 01:12
[理工] 張凡 上冊p.81第二題(清大資工101計系第十題) - 看板 Grad-ProbAsk - 批踢踢實業坊,TEPLUN,: 十六進制只是一種表示法而已 反過來想知道為什麼你覺得一, 08/05 19:11
[理工] 張凡 上冊p.81第二題(清大資工101計系第十題) - 看板 Grad-ProbAsk - 批踢踢實業坊,TEPLUN,: 個字組4byte就得用10禁制？, 08/05 19:11
[理工] 線代/為什麼[T]不能直接換底 - 看板 Grad-ProbAsk - 批踢踢實業坊,TEPLUN,: 看不懂你在說什麼 不過兩個矩陣相似定義為存在可逆矩陣P, 08/06 22:46
[理工] 線代/為什麼[T]不能直接換底 - 看板 Grad-ProbAsk - 批踢踢實業坊,TEPLUN,: 使得P^-1AP=B (A相似於B) 不確定你寫的[v]b是什麼意思 如, 08/06 22:46
[理工] 線代/為什麼[T]不能直接換底 - 看板 Grad-ProbAsk - 批踢踢實業坊,TEPLUN,: 果是座標的話那個公式跟相似一點關係都沒有, 08/06 22:46
[理工] 離散生成函數排列 - 看板 Grad-ProbAsk - 批踢踢實業坊,TEPLUN,": 第一題在胡說八道吧...假如球有3箱子有2 難到答案會是P(2,", 07/27 08:16
[理工] 離散生成函數排列 - 看板 Grad-ProbAsk - 批踢踢實業坊,TEPLUN,: 我覺得你可能要試著去了解一下排列組合的公式意義 不然這, 07/27 19:10
[理工] 離散生成函數排列 - 看板 Grad-ProbAsk - 批踢踢實業坊,TEPLUN,: 方面的題目算比較活 硬記什麼題目要用什麼公式不會有好結, 07/27 19:10
[理工] 離散生成函數排列 - 看板 Grad-ProbAsk - 批踢踢實業坊,TEPLUN,: 果, 07/27 19:10
[理工] 離散生成函數排列 - 看板 Grad-ProbAsk - 批踢踢實業坊,TEPLUN,": 你問下面問的這個 可以直接寫P(n,m) 但建議可以拆成兩個步", 07/27 19:14
[理工] 離散生成函數排列 - 看板 Grad-ProbAsk - 批踢踢實業坊,TEPLUN,": 驟 先C(n,m)從n個取m個 之後再對這m個做排列所以乘m！ 答", 07/27 19:14
[理工] 離散生成函數排列 - 看板 Grad-ProbAsk - 批踢踢實業坊,TEPLUN,": 案當然跟後面的onto(m,n)不同", 07/27 19:14
[理工] 離散生成函數排列 - 看板 Grad-ProbAsk - 批踢踢實業坊,TEPLUN,: 排列組合的題目盡量去想像真的有那些物品 你會怎麼分組, 07/27 19:16
[理工] 離散生成函數排列 - 看板 Grad-ProbAsk - 批踢踢實業坊,TEPLUN,:  哪時候需要排列 然後考慮會不會有重複的情況 再代基本的, 07/27 19:16
[理工] 離散生成函數排列 - 看板 Grad-ProbAsk - 批踢踢實業坊,TEPLUN,: 公式, 07/27 19:16
[討論] 中興考場....能改嗎？ - 看板 graduate - 批踢踢實業坊,TEPLUN,: 樓上幸災樂禍, 118.167.137.92 01/29 01:03
[理工] 線代 4-24範例7 - 看板 Grad-ProbAsk - 批踢踢實業坊,TEPLUN,: 跟那些有的沒的沒關係 你只要把a.b轉成用xy表達就對了, 07/29 08:33
[理工] 線代 對角化/similar/黃子嘉例題 - 看板 Grad-ProbAsk - 批踢踢實業坊,TEPLUN,: 很明顯A的三個eigenvalue是1.2.3 各求V(3）V(2) V(1）的特, 07/30 10:03
[理工] 線代 對角化/similar/黃子嘉例題 - 看板 Grad-ProbAsk - 批踢踢實業坊,TEPLUN,: 徵向量再依序擺的意思, 07/30 10:03
[理工] 線代 線性轉換問題 - 看板 Grad-ProbAsk - 批踢踢實業坊,TEPLUN,: 應該是TFTT? 第二題 試想一個3維到2維的線性映射 即使是on, 07/13 00:37
[理工] 線代 線性轉換問題 - 看板 Grad-ProbAsk - 批踢踢實業坊,TEPLUN,: to函數 3個向量在2維中必然相依, 07/13 00:37
[理工] 線代 線性轉換問題 - 看板 Grad-ProbAsk - 批踢踢實業坊,TEPLUN,: 第三題假設c1T(X1)+...+cnT(Xn)=0 因爲T是線性 T(c1x1+..., 07/13 00:42
[理工] 線代 線性轉換問題 - 看板 Grad-ProbAsk - 批踢踢實業坊,TEPLUN,: +cnxn)=0 因為1-1 所以c1x1+...+cnxn=0 因為X1~xn線性相, 07/13 00:42
[理工] 線代 線性轉換問題 - 看板 Grad-ProbAsk - 批踢踢實業坊,TEPLUN,: 依 所以存在c1...cn不全為0 所以T(xi)相依 I=1~n, 07/13 00:42
[理工] 100交大 線代 小黃筆記例題 - 看板 Grad-ProbAsk - 批踢踢實業坊,TEPLUN,: 這裏的xy是乘法的意思 x^c也是次方的意思 實數做這兩個運,07/13 00:46
[理工] 100交大 線代 小黃筆記例題 - 看板 Grad-ProbAsk - 批踢踢實業坊,TEPLUN,: 算當然還是實數,07/13 00:46
[理工] 100交大 線代 小黃筆記例題 - 看板 Grad-ProbAsk - 批踢踢實業坊,TEPLUN,: 他是訂在R+的一維空間 當然可以使用乘法 如果遇到函數空, 07/13 08:01
[理工] 100交大 線代 小黃筆記例題 - 看板 Grad-ProbAsk - 批踢踢實業坊,TEPLUN,: 間做積分 你應該不會拿那兩個向量問怎麼積吧 總之自己亂訂, 07/13 08:01
[理工] 100交大 線代 小黃筆記例題 - 看板 Grad-ProbAsk - 批踢踢實業坊,TEPLUN,: 一通只要符合十項公設 就是向量空間, 07/13 08:01
計組 張凡26頁練習 - 看板 Grad-ProbAsk - 批踢踢實業坊,TEPLUN,: 不對哦 sw是將暫存器的值存到右邊的地址 所以sw左邊是暫存, 07/14 02:03
計組 張凡26頁練習 - 看板 Grad-ProbAsk - 批踢踢實業坊,TEPLUN,: 器（來源）並不是目的, 07/14 02:03
[理工] 子嘉線性代數4-144 ex 67 - 看板 Grad-ProbAsk - 批踢踢實業坊,TEPLUN,: 不會變 B等對A做行運算 不管做列運算或行運算 rank不變, 07/06 14:41
[理工] 子嘉線性代數4-144 ex 67 - 看板 Grad-ProbAsk - 批踢踢實業坊,TEPLUN,:  那麼nullity自然也不會變, 07/06 14:41
[理工] 線代 線性方程組 - 看板 Grad-ProbAsk - 批踢踢實業坊,TEPLUN,: 這種想法滿直觀的吧 你知道AaAbAc 要求Ad只要把d拆成a b c, 07/06 17:59
[理工] 線代 線性方程組 - 看板 Grad-ProbAsk - 批踢踢實業坊,TEPLUN,: 就能求答案, 07/06 17:59
[理工] 線代  兩題線性轉換 - 看板 Grad-ProbAsk - 批踢踢實業坊,TEPLUN,: 第一題等於求向量在這條線上的投影 認取這條線上的向量在, 07/08 12:07
[理工] 線代  兩題線性轉換 - 看板 Grad-ProbAsk - 批踢踢實業坊,TEPLUN,: 用投影公式就好 因為他過原點所以不用平移, 07/08 12:07
[理工] 線代  兩題線性轉換 - 看板 Grad-ProbAsk - 批踢踢實業坊,TEPLUN,: 第二題拿標準矩陣各別乘A再擺成行向量, 07/08 12:08
[理工] 線代子嘉題庫7-150 - 看板 Grad-ProbAsk - 批踢踢實業坊,TEPLUN,: 這第七章有證明哦 哪一頁忘了...應該在投影矩陣那章吧, 06/29 20:38
[理工] 子嘉6-31證明 - 看板 Grad-ProbAsk - 批踢踢實業坊,TEPLUN,: 因為這裡T是算子 都在V中作用 只要函數定義域跟對應域維, 06/15 20:03
[理工] 子嘉6-31證明 - 看板 Grad-ProbAsk - 批踢踢實業坊,TEPLUN,: 度相同 1-1等價於onto 第四章h內容, 06/15 20:03
[理工] 線代6-46 - 看板 Grad-ProbAsk - 批踢踢實業坊,TEPLUN,: 每一列都代表一個循環子空間 作用一次會變成右邊一格的點, 06/15 20:11
[理工] 離散遞迴5-56 - 看板 Grad-ProbAsk - 批踢踢實業坊,TEPLUN,: 對耶 3Q, 06/15 22:56
[理工] 線代子嘉P8-40範例6 - 看板 Grad-ProbAsk - 批踢踢實業坊,TEPLUN,: 這個在第一章還第二章有寫 當矩陣可以寫成單一矩陣多項式, 06/22 01:42
[理工] 線代子嘉P8-40範例6 - 看板 Grad-ProbAsk - 批踢踢實業坊,TEPLUN,: 是可交換的, 06/22 01:42
[理工] 線代子嘉P8-58範例2 - 看板 Grad-ProbAsk - 批踢踢實業坊,TEPLUN,: 實矩陣係數都為實數當然相乘還是在是實數呀, 06/22 01:36
[理工] 線代子嘉P8-58範例2 - 看板 Grad-ProbAsk - 批踢踢實業坊,TEPLUN,: 那個定理是針對佈於負數矩陣在使用的, 06/22 01:37
[理工] 離散 p1-29 - 看板 Grad-ProbAsk - 批踢踢實業坊,TEPLUN,: 那個1/p+1在算的是 只有p+1這個元素的那個子集的項 仔細, 06/05 01:25
[理工] 離散 p1-29 - 看板 Grad-ProbAsk - 批踢踢實業坊,TEPLUN,: 看答案 其實代表的是 子集不含p+1 跟子集含p+1 兩項 而後, 06/05 01:25
[理工] 離散 p1-29 - 看板 Grad-ProbAsk - 批踢踢實業坊,TEPLUN,: 者 即含p+1的項又可以分成只有p+1或是將p+1加入前面p個元, 06/05 01:25
[理工] 離散 p1-29 - 看板 Grad-ProbAsk - 批踢踢實業坊,TEPLUN,: 素的子集時的情況, 06/05 01:25
[理工] 離散 p1-29 - 看板 Grad-ProbAsk - 批踢踢實業坊,TEPLUN,: 更清楚一點的說 後面那項就是在描述加入p+1後所多出來的, 06/05 01:30
[理工] 離散 p1-29 - 看板 Grad-ProbAsk - 批踢踢實業坊,TEPLUN,": 項{p+1} {p+1,1} {p+1,2}…{p+1,p}…{p+1,1,2} {p+1,1,3}", 06/05 01:31
[理工] 離散 p1-29 - 看板 Grad-ProbAsk - 批踢踢實業坊,TEPLUN,": …{p+1,1,2,3,…,p}", 06/05 01:31
[理工] 離散 p1-29 - 看板 Grad-ProbAsk - 批踢踢實業坊,TEPLUN,: 更正 是上述子集所貢獻的項, 06/05 01:31
[理工] 子嘉現代 3-93。列運算夾雜行運算 - 看板 Grad-ProbAsk - 批踢踢實業坊,TEPLUN,: 是對的哦 因為列運算不改變行之間的關係式 其實從解答給,06/05 20:01
[理工] 子嘉現代 3-93。列運算夾雜行運算 - 看板 Grad-ProbAsk - 批踢踢實業坊,TEPLUN,: 的rref就能知道 u1跟u3是1：-3倍 或是不看解答從題目中也,06/05 20:01
[理工] 子嘉現代 3-93。列運算夾雜行運算 - 看板 Grad-ProbAsk - 批踢踢實業坊,TEPLUN,: 能看出來...,06/05 20:01
[理工] 子嘉現代 3-93。列運算夾雜行運算 - 看板 Grad-ProbAsk - 批踢踢實業坊,TEPLUN,: 至於列運算夾雜行運算會造成什麼影響 只能說有的有影響,06/05 20:04
[理工] 子嘉現代 3-93。列運算夾雜行運算 - 看板 Grad-ProbAsk - 批踢踢實業坊,TEPLUN,:  有的沒有 像第三型列運算跟行運算不會改變determinant,06/05 20:04
[理工] 子嘉現代 3-93。列運算夾雜行運算 - 看板 Grad-ProbAsk - 批踢踢實業坊,TEPLUN,:  但如果你要求列空間 而使用行運算 就有影響了,06/05 20:04
[理工] 離散子嘉題庫1-32 - 看板 Grad-ProbAsk - 批踢踢實業坊,TEPLUN,: 用定義去證比較好 不過其實可以直觀的看 A-C中的元素 是在, 06/07 00:50
[理工] 離散子嘉題庫1-32 - 看板 Grad-ProbAsk - 批踢踢實業坊,TEPLUN,": A但不在C 這些元素跟B取卡式積後的有序對（x,b) x要屬於A-", 06/07 00:50
[理工] 離散子嘉題庫1-32 - 看板 Grad-ProbAsk - 批踢踢實業坊,TEPLUN,: C 而b當然屬於b, 06/07 00:50
[理工] 離散子嘉題庫1-32 - 看板 Grad-ProbAsk - 批踢踢實業坊,TEPLUN,": 那A跟C先分別跟B做卡式積會是什麼結果？前者收集（a,b) a", 06/07 00:55
[理工] 離散子嘉題庫1-32 - 看板 Grad-ProbAsk - 批踢踢實業坊,TEPLUN,": 屬於A 後者收集（c,b) c屬於C 接著取差集 要扣掉那些元素", 06/07 00:55
[理工] 離散子嘉題庫1-32 - 看板 Grad-ProbAsk - 批踢踢實業坊,TEPLUN,": ？當然是(y,b) x屬於A也屬於C的有序對 之後剩下來的有序", 06/07 00:55
[理工] 離散子嘉題庫1-32 - 看板 Grad-ProbAsk - 批踢踢實業坊,TEPLUN,": 對就是(x,b) x屬於A-C了", 06/07 00:55
[理工] 離散子嘉題庫1-32 - 看板 Grad-ProbAsk - 批踢踢實業坊,TEPLUN,": 如果不懂可以隨意找兩個有交集的集合A,C 跟任意B做卡式積", 06/07 00:58
[理工] 離散子嘉題庫1-32 - 看板 Grad-ProbAsk - 批踢踢實業坊,TEPLUN,:  再畫文氏圖 應該就很好理解, 06/07 00:58
[理工] 線代 子嘉 定理6-2 - 看板 Grad-ProbAsk - 批踢踢實業坊,TEPLUN,: T是一個算子 從V—>V 一個向量送一百遍 一萬遍還是在V那, 06/08 01:14
[理工] 線代 子嘉 定理6-2 - 看板 Grad-ProbAsk - 批踢踢實業坊,TEPLUN,: 今天反問 誰作用k次會成為0向量 有可能大於本來的維度嗎？, 06/08 01:14
[理工] 線代 子嘉 定理6-2 - 看板 Grad-ProbAsk - 批踢踢實業坊,TEPLUN,: 當然不可能 拿矩陣來講可能會比較清楚？假設A是指標3的3*3, 06/08 01:14
[理工] 線代 子嘉 定理6-2 - 看板 Grad-ProbAsk - 批踢踢實業坊,TEPLUN,: 冪零矩陣 A^3=O 所以ker(A^3)為R^3 再來A^4仍然是O矩陣 Ke, 06/08 01:14
[理工] 線代 子嘉 定理6-2 - 看板 Grad-ProbAsk - 批踢踢實業坊,TEPLUN,: r(A^4)仍是R^3, 06/08 01:14
[理工] 線代 子嘉 定理6-2 - 看板 Grad-ProbAsk - 批踢踢實業坊,TEPLUN,: 只是假設而已 如果A不是冪零 當然不具指標 從另一個角度, 06/08 10:47
[理工] 線代 子嘉 定理6-2 - 看板 Grad-ProbAsk - 批踢踢實業坊,TEPLUN,: 來說好了 一個n*n矩陣A 跟n*1的x Ax代表將向量x從n維送到n, 06/08 10:47
[理工] 線代 子嘉 定理6-2 - 看板 Grad-ProbAsk - 批踢踢實業坊,TEPLUN,: 維 今天你的A乘不管幾次方 他仍然是n*n矩陣 試問哪個n*n矩, 06/08 10:47
[理工] 線代 子嘉 定理6-2 - 看板 Grad-ProbAsk - 批踢踢實業坊,TEPLUN,: 陣的kernel  維度會超過n維？沒有這麼可怕的事吧...其實, 06/08 10:47
[理工] 線代 子嘉 定理6-2 - 看板 Grad-ProbAsk - 批踢踢實業坊,TEPLUN,: ...打了一堆被系統吃掉, 06/08 10:48
[理工] 線代 子嘉 定理6-2 - 看板 Grad-ProbAsk - 批踢踢實業坊,TEPLUN,: 簡單來說 今天一個3*3矩陣最多最多 就只能把整個R^3送到0, 06/08 10:50
[理工] 線代 子嘉 定理6-2 - 看板 Grad-ProbAsk - 批踢踢實業坊,TEPLUN,:  而R^3的維度是3 絕對不可能是4的...難道你的3*3矩陣要對4, 06/08 10:50
[理工] 線代 子嘉 定理6-2 - 看板 Grad-ProbAsk - 批踢踢實業坊,TEPLUN,: *1的向量作用嗎, 06/08 10:50
[理工] 線代 子嘉 定理6-2 - 看板 Grad-ProbAsk - 批踢踢實業坊,TEPLUN,: 其實概念滿簡單的 n維空間最多就是n個線性獨立的向量 再多, 06/08 10:54
[理工] 線代 子嘉 定理6-2 - 看板 Grad-ProbAsk - 批踢踢實業坊,TEPLUN,: 必定線性相依 3維空間給你一百萬個基底向量仍然不會超過3, 06/08 10:54
[理工] 線代 子嘉 定理6-2 - 看板 Grad-ProbAsk - 批踢踢實業坊,TEPLUN,: 維 如果還是不懂 建議複習一下kernel的定義跟維度, 06/08 10:54
[理工] 線代 子嘉 定理6-2 - 看板 Grad-ProbAsk - 批踢踢實業坊,TEPLUN,: 這樣好了 你試著舉出一個3*3矩陣 kernel維度等於4的例子, 06/08 12:51
[理工] 線代 子嘉 定理6-2 - 看板 Grad-ProbAsk - 批踢踢實業坊,TEPLUN,: 看看, 06/08 12:51
[理工] 線代 子嘉 定理6-2 - 看板 Grad-ProbAsk - 批踢踢實業坊,TEPLUN,: 他那句話意思是 『指標』一定小於維度n k並不是任意正整, 06/08 13:51
[理工] 線代 子嘉 定理6-2 - 看板 Grad-ProbAsk - 批踢踢實業坊,TEPLUN,: 數k 指標的意思是『最小正整數使T^k達到O』如果你是冪零, 06/08 13:51
[理工] 線代 子嘉 定理6-2 - 看板 Grad-ProbAsk - 批踢踢實業坊,TEPLUN,:  最大冪零區就是整個V  如果你不是冪零 那代表不管取幾次, 06/08 13:51
[理工] 線代 子嘉 定理6-2 - 看板 Grad-ProbAsk - 批踢踢實業坊,TEPLUN,: 方kernel的維度都不會達到n, 06/08 13:51
[理工] 線代 eigenvalue表現定理 - 看板 Grad-ProbAsk - 批踢踢實業坊,TEPLUN,: 應該是在說A+cI 的特徵值會是A的特徵值+c 跟矩陣的線性組, 06/14 18:04
[理工] 線代 eigenvalue表現定理 - 看板 Grad-ProbAsk - 批踢踢實業坊,TEPLUN,: 合有關, 06/14 18:04
[理工] 內積問題 - 看板 Grad-ProbAsk - 批踢踢實業坊,TEPLUN,: 他推導過程是把那兩項消掉 為何可以不管是否佈於複數？, 05/27 00:12
[理工] 線代第四章 T:1-1 <=>ker(T)={0} - 看板 Grad-ProbAsk - 批踢踢實業坊,TEPLUN,: 證明1-1就是從定義去證明他 假設f(a)=f(b) 最後推出a=b即, 05/27 13:30
[理工] 線代第四章 T:1-1 <=>ker(T)={0} - 看板 Grad-ProbAsk - 批踢踢實業坊,TEPLUN,: 可, 05/27 13:30
[理工] 線代子嘉P5-132 範例11 - 看板 Grad-ProbAsk - 批踢踢實業坊,TEPLUN,: 樓樓上 那個方程式如果是某個矩陣的極小多項式的確可以對, 06/01 10:01
[理工] 線代子嘉P5-132 範例11 - 看板 Grad-ProbAsk - 批踢踢實業坊,TEPLUN,: 角化 但是如何得知那個是A的特徵多項式甚至是極小多項式？, 06/01 10:01
[理工] 線代子嘉P5-132 範例11 - 看板 Grad-ProbAsk - 批踢踢實業坊,TEPLUN,: 事實上他絕對不會是A的特徵方程式或極小多項式 因為代入, 06/01 10:01
[理工] 線代子嘉P5-132 範例11 - 看板 Grad-ProbAsk - 批踢踢實業坊,TEPLUN,: 不為0 其實就是大膽假設 小心求證, 06/01 10:01
[理工] 離散圖論P6-127 - 看板 Grad-ProbAsk - 批踢踢實業坊,TEPLUN,: 他是把第二列最後一個圖用一樣的方式 拆成那兩張圖 因為, 06/04 14:37
[理工] 離散圖論P6-127 - 看板 Grad-ProbAsk - 批踢踢實業坊,TEPLUN,: 本來前面有負號 所以變一減一加, 06/04 14:37
[理工] 離散圖論P6-127 - 看板 Grad-ProbAsk - 批踢踢實業坊,TEPLUN,: 是用拆邊黏點沒錯 點視為同點 有邊相連就連到最後合起來, 06/04 14:39
[理工] 離散圖論P6-127 - 看板 Grad-ProbAsk - 批踢踢實業坊,TEPLUN,: 的那個點去 最後一張圖的拆解就像把紙對折, 06/04 14:39
[理工] 子嘉線代 8-40 - 看板 Grad-ProbAsk - 批踢踢實業坊,TEPLUN,: 沒想過要用多項式的觀點去看耶 感謝 不過(I-B^3)^-  反矩, 05/21 07:55
[理工] 子嘉線代 8-40 - 看板 Grad-ProbAsk - 批踢踢實業坊,TEPLUN,: 陣的話是否仍然能保證取inverse後能用B跟I來表示？, 05/21 07:55
[理工] 子嘉線代 8-40 - 看板 Grad-ProbAsk - 批踢踢實業坊,TEPLUN,: 樓上倒果為因了 他要你證明C^TC=I 你假設這個命題是對的, 05/27 13:32
[理工] 子嘉線代 8-40 - 看板 Grad-ProbAsk - 批踢踢實業坊,TEPLUN,:  最後導出這個命題是對的..., 05/27 13:32
[理工] 子嘉線代 8-40 - 看板 Grad-ProbAsk - 批踢踢實業坊,TEPLUN,: 事實上 那個反矩陣可逆 det不為零 特徵多項式常數項不為零, 05/27 13:38
[理工] 子嘉線代 8-40 - 看板 Grad-ProbAsk - 批踢踢實業坊,TEPLUN,:  利用Caley hamilton定理 代回原式 可以用B和I表達那個反, 05/27 13:38
[理工] 子嘉線代 8-40 - 看板 Grad-ProbAsk - 批踢踢實業坊,TEPLUN,: 矩陣, 05/27 13:38
[理工] 離散 著色理論 - 看板 Grad-ProbAsk - 批踢踢實業坊,TEPLUN,: 他是對邊塗色, 05/22 11:01
[閒聊] 碩班考 考卷都誰改的? - 看板 graduate - 批踢踢實業坊,TEPLUN,: 電風扇改xd笑死,   114.36.2.142 09/28 08:29
[請益] 資結 交大開放式vs大碩 - 看板 graduate - 批踢踢實業坊,TEPLUN,: 彭的資結聽完腦子裡只有對,  36.224.111.59 08/13 09:55
[心得] 資工所跨考心得 - 看板 graduate - 批踢踢實業坊,TEPLUN,: 笑死 照某J邏輯 考試可以背題庫拿高分 那,223.136.191.235 04/19 12:06
[心得] 資工所跨考心得 - 看板 graduate - 批踢踢實業坊,TEPLUN,: 文組生應該要制霸指考學測囉,223.136.191.235 04/19 12:06
